word,phonemes
I,AY
YOU,Y UW
HAVE,HH AE V
DO,D UW
HE,HH IY
WE,W IY
NOT,N AA T
BUT,B AH T
THEY,DH EY
SAY,S EY
AT,AE T
FROM,F R AH M
GO,G OW
BY,B AY
SHE,SH IY
MY,M AY
KNOW,N OW
ME,M IY
ALL,AO L
WHO,HH UW
ABOUT,AH B AW T
THEIR,DH EH R
SO,S OW
WOULD,W UH D
MAKE,M EY K
UP,AH P
THINK,TH IH NG K
TIME,T AY M
THERE,DH EH R
SEE,S IY
HER,HH ER
OUT,AW T
COME,K AH M
PEOPLE,P IY P AH L
TAKE,T EY K
YEAR,Y IH R
SOME,S AH M
HOW,HH AW
NOW,N AW
LIKE,L AY K
OTHER,AH DH ER
COULD,K UH D
HERE,HH IY R
THEN,DH EH N
LOOK,L UH K
WAY,W EY
MORE,M AO R
THESE,DH IY Z
NO,N OW
THING,TH IH NG
WELL,W EH L
ALSO,AO L S OW
TWO,T UW
TELL,T EH L
FIRST,F ER S T
MAN,M AE N
DAY,D EY
FIND,F AY N D
GIVE,G IH V
MORE,M AO R
ANY,EH N IY
THOSE,DH OW Z
VERY,V EH R IY
HER,HH ER
NEED,N IY D
BACK,B AE K
THERE,DH EH R
SHOULD,SH UH D
EVEN,IY V IH N
ONLY,OW N L IY
MANY,M EH N IY
WORK,W ER K
LIFE,L AY F
RIGHT,R AY T
DOWN,D AW N
TRY,T R AY
LET,L EH T
SOMETHING,S AH M TH IH NG
TOO,T UW
CALL,K AO L
WOMAN,W UH M AH N
MAY,M EY
STILL,S T IH L
THROUGH,TH R UW
MEAN,M IY N
AFTER,AE F T ER
NEVER,N EH V ER
NO,N OW
WORLD,W ER L D
FEEL,F IY L
YEAH,Y AE
GREAT,G R EY T
LAST,L AE S T
CHILD,CH AY L D
OH,OW
OVER,OW V ER
ASK,AE S K
SCHOOL,S K UW L
STATE,S T EY T
MUCH,M AH CH
TALK,T AO K
OUT,AW T
KEEP,K IY P
LEAVE,L IY V
PUT,P UH T
LIKE,L AY K
HELP,HH EH L P
BIG,B IH G
SAME,S EY M
ALL,AO L
OWN,OW N
START,S T AA R T
THREE,TH R IY
HIGH,HH AY
ANOTHER,AH N AH DH ER
BECOME,B IH K AH M
HAPPEN,HH AE P AH N
OVER,OW V ER
PRESIDENT,P R EH Z IH D AH N T
OLD,OW L D
YES,Y EH S
HOUSE,HH AW S
SHOW,SH OW
STUDENT,S T UW D AH N T
SO,S OW
SEEM,S IY M
MIGHT,M AY T
PART,P AA R T
HEAR,HH IY R
PLACE,P L EY S
PROBLEM,P R AA B L AH M
BELIEVE,B IH L IY V
COUNTRY,K AH N T R IY
WEEK,W IY K
POINT,P OY N T
HAND,HH AE N D
OFF,AO F
PLAY,P L EY
TURN,T ER N
FEW,F Y UW
GROUP,G R UW P
SUCH,S AH CH
RUN,R AH N
GUY,G AY
ABOUT,AH B AW T
CASE,K EY S
WORK,W ER K
NIGHT,N AY T
GAME,G EY M
NUMBER,N AH M B ER
WRITE,R AY T
BRING,B R IH NG
MONEY,M AH N IY
BOOK,B UH K
SYSTEM,S IH S T AH M
GOVERNMENT,G AH V ER N M AH N T
CITY,S IH T IY
COMPANY,K AH M P AH N IY
STORY,S T AO R IY
MOVE,M UW V
MUST,M AH S T
BAD,B AE D
FRIEND,F R EH N D
BEGIN,B IH G IH N
LOVE,L AH V
EACH,IY CH
HOLD,HH OW L D
AMERICAN,AH M EH R IH K AH N
LITTLE,L IH T AH L
EVER,EH V ER
WORD,W ER D
FACT,F AE K T
RIGHT,R AY T
ANYTHING,EH N IY TH IH NG
NOTHING,N AH TH IH NG
SURE,SH UH R
SMALL,S M AO L
MONTH,M AH N TH
PROGRAM,P R OW G R AE M
MAYBE,M EY B IY
RIGHT,R AY T
UNDER,AH N D ER
HOME,HH OW M
KIND,K AY N D
STOP,S T AA P
PAY,P EY
STUDY,S T AH D IY
SINCE,S IH N S
ISSUE,IH SH UW
NAME,N EY M
IDEA,AY D IY AH
ROOM,R UW M
PERCENT,P ER S EH N T
FAR,F AA R
AWAY,AH W EY
LARGE,L AA R JH
THOUGH,DH OW
PROVIDE,P R AH V AY D
LOSE,L UW Z
POWER,P AW ER
KID,K IH D
WAR,W AO R
UNDERSTAND,AH N D ER S T AE N D
HEAD,HH EH D
MOTHER,M AH DH ER
REAL,R IY L
BEST,B EH S T
TEAM,T IY M
EYE,AY
LONG,L AO NG
LONG,L AO NG
SIDE,S AY D
WATER,W AO T ER
YOUNG,Y AH NG
WAIT,W EY T
OKAY,OW K EY
BOTH,B OW TH
YET,Y EH T
AFTER,AE F T ER
MEET,M IY T
AREA,EH R IY AH
IMPORTANT,IH M P AO R T AH N T
PERSON,P ER S AH N
HEY,HH EY
THANK,TH AE NG K
MUCH,M AH CH
SOMEONE,S AH M W AH N
END,EH N D
CHANGE,CH EY N JH
HOWEVER,HH AW EH V ER
ONLY,OW N L IY
EVERYTHING,EH V R IY TH IH NG
FOUR,F AO R
LINE,L AY N
GIRL,G ER L
UNTIL,AH N T IH L
FATHER,F AA DH ER
SIT,S IH T
CREATE,K R IY EY T
INFORMATION,IH N F AO R M EY SH AH N
CAR,K AA R
LEARN,L ER N
LEAST,L IY S T
KILL,K IH L
PARTY,P AA R T IY
INCLUDE,IH N K L UW D
STAND,S T AE N D
TOGETHER,T AH G EH DH ER
BACK,B AE K
FOLLOW,F AA L OW
HEALTH,HH EH L TH
REASON,R IY Z AH N
SPEAK,S P IY K
AGO,AH G OW
SET,S EH T
BLACK,B L AE K
MEMBER,M EH M B ER
ONCE,W AH N S
SOCIAL,S OW SH AH L
ALLOW,AH L AW
WIN,W IH N
BODY,B AA D IY
CONTINUE,K AH N T IH N Y UW
SPEND,S P EH N D
LEVEL,L EH V AH L
ABLE,EY B AH L
ALMOST,AO L M OW S T
BOY,B OY
UNIVERSITY,Y UW N AH V ER S AH T IY
STAY,S T EY
ADD,AE D
LATER,L EY T ER
CHANGE,CH EY N JH
FIVE,F AY V
PROBABLY,P R AA B AH B L IY
AMONG,AH M AH NG
FACE,F EY S
PUBLIC,P AH B L IH K
DIE,D AY
FOOD,F UW D
ELSE,EH L S
BUY,B AY
MORNING,M AO R N IH NG
OFF,AO F
PARENT,P EH R AH N T
OFFICE,AO F AH S
COURSE,K AO R S
SEND,S EH N D
DOOR,D AO R
SEVERAL,S EH V ER AH L
COURT,K AO R T
HOME,HH OW M
GROW,G R OW
BETTER,B EH T ER
OPEN,OW P AH N
MOMENT,M OW M AH N T
INCLUDING,IH N K L UW D IH NG
CONSIDER,K AH N S IH D ER
BOTH,B OW TH
SUCH,S AH CH
LITTLE,L IH T AH L
SECOND,S EH K AH N D
LATE,L EY T
STREET,S T R IY T
FREE,F R IY
BETTER,B EH T ER
EVERYONE,EH V R IY W AH N
POLICY,P AA L AH S IY
TABLE,T EY B AH L
SORRY,S AA R IY
CARE,K EH R
LOW,L OW
PLEASE,P L IY Z
HOPE,HH OW P
TRUE,T R UW
TEACHER,T IY CH ER
OFFER,AO F ER
DEATH,D EH TH
WHOLE,HH OW L
EXPERIENCE,IH K S P IH R IY AH N S
PLAN,P L AE N
EASY,IY Z IY
BUILD,B IH L D
EXPECT,IH K S P EH K T
HIMSELF,HH IH M S EH L F
AGE,EY JH
HARD,HH AA R D
SENSE,S EH N S
ACROSS,AH K R AO S
SHOW,SH OW
EARLY,ER L IY
COLLEGE,K AA L IH JH
MUSIC,M Y UW Z IH K
APPEAR,AH P IH R
MIND,M AY N D
CLASS,K L AE S
POLICE,P AH L IY S
SEASON,S IY Z AH N
TAX,T AE K S
HEART,HH AA R T
SON,S AH N
ART,AA R T
POSSIBLE,P AA S AH B AH L
SERVE,S ER V
BREAK,B R EY K
ALTHOUGH,AO L DH OW
END,EH N D
EVEN,IY V IH N
AIR,EH R
FORCE,F AO R S
FOOT,F UH T
UP,AH P
LISTEN,L IH S AH N
AGREE,AH G R IY
ACCORDING,AH K AO R D IH NG
BABY,B EY B IY
WRONG,R AO NG
LOVE,L AH V
CUT,K AH T
DECIDE,D IH S AY D
FULL,F UH L
BEHIND,B IH HH AY N D
PASS,P AE S
INTEREST,IH N T AH R EH S T
SECURITY,S IH K Y UH R AH T IY
EAT,IY T
CONTROL,K AH N T R OW L
RATE,R EY T
LOCAL,L OW K AH L
SUGGEST,S AH JH EH S T
NATION,N EY SH AH N
SELL,S EH L
ACTION,AE K SH AH N
SUPPORT,S AH P AO R T
WIFE,W AY F
DECISION,D IH S IH ZH AH N
VALUE,V AE L Y UW
BASE,B EY S
PICK,P IH K
PHONE,F OW N
THANKS,TH AE NG K S
DRIVE,D R AY V
STRONG,S T R AO NG
REACH,R IY CH
EXPLAIN,IH K S P L EY N
SITE,S AY T
HIT,HH IH T
PULL,P UH L
CHURCH,CH ER CH
MODEL,M AA D AH L
PERHAPS,P ER HH AE P S
RELATIONSHIP,R IY L EY SH AH N SH IH P
SIX,S IH K S
FINE,F AY N
MOVIE,M UW V IY
FIELD,F IY L D
RAISE,R EY Z
LESS,L EH S
PLAYER,P L EY ER
COUPLE,K AH P AH L
MILLION,M IH L Y AH N
LIGHT,L AY T
DEVELOPMENT,D IH V EH L AH P M AH N T
FORMER,F AO R M ER
ROLE,R OW L
PRETTY,P R IH T IY
MYSELF,M AY S EH L F
VIEW,V Y UW
PRICE,P R AY S
EFFORT,EH F ER T
QUITE,K W AY T
ALONG,AH L AO NG
VOICE,V OY S
FINALLY,F AY N AH L IY
DEPARTMENT,D IH P AA R T M AH N T
LEADER,L IY D ER
PHOTO,F OW T OW
WEAR,W EH R
SPACE,S P EY S
POSITION,P AH Z IH SH AH N
SPECIAL,S P EH SH AH L
MILLION,M IH L Y AH N
FILM,F IH L M
NEED,N IY D
MAJOR,M EY JH ER
TYPE,T AY P
TOWN,T AW N
ROAD,R OW D
FORM,F AO R M
CHANCE,CH AE N S
DRUG,D R AH G
SITUATION,S IH CH UW EY SH AH N
CHOOSE,CH UW Z
PRACTICE,P R AE K T IH S
HAPPY,HH AE P IY
SCIENCE,S AY AH N S
JOIN,JH OY N
TEACH,T IY CH
EARLY,ER L IY
DEVELOP,D IH V EH L AH P
SHARE,SH EH R
CLEAR,K L IH R
BROTHER,B R AH DH ER
MATTER,M AE T ER
DEAD,D EH D
STAR,S T AA R
SIMPLY,S IH M P L IY
POST,P OW S T
SOCIETY,S OW S AY IH T IY
PICTURE,P IH K CH ER
PIECE,P IY S
PAPER,P EY P ER
ENERGY,EH N ER JH IY
PERSONAL,P ER S IH N AH L
BUILDING,B IH L D IH NG
OPEN,OW P AH N
ACTIVITY,AE K T IH V IH T IY
EXACTLY,IH G Z AE K T L IY
AMERICAN,AH M EH R IH K AH N
MEDIA,M IY D IY AH
MISS,M IH S
EVIDENCE,EH V AH D AH N S
PRODUCT,P R AA D AH K T
REALIZE,R IY AH L AY Z
SAVE,S EY V
ARM,AA R M
TECHNOLOGY,T EH K N AA L AH JH IY
CATCH,K AE CH
COMMENT,K AA M EH N T
LOOK,L UH K
TERM,T ER M
COVER,K AH V ER
DESCRIBE,D IH S K R AY B
GUESS,G EH S
CHOICE,CH OY S
SOURCE,S AO R S
MOM,M AA M
SOON,S UW N
RULE,R UW L
CAMPAIGN,K AE M P EY N
GROUND,G R AW N D
ELECTION,IH L EH K SH AH N
FACE,F EY S
UH,AH
CHECK,CH EH K
PAGE,P EY JH
FIGHT,F AY T
ITSELF,IH T S EH L F
TEST,T EH S T
PATIENT,P EY SH AH N T
CERTAIN,S ER T AH N
HALF,HH AE F
VIDEO,V IH D IY OW
SUPPORT,S AH P AO R T
THROW,TH R OW
THIRD,TH ER D
CARE,K EH R
REST,R EH S T
RECENT,R IY S AH N T
AVAILABLE,AH V EY L AH B AH L
STEP,S T EH P
READY,R EH D IY
OPPORTUNITY,AA P ER T UW N AH T IY
OFFICIAL,AH F IH SH AH L
OIL,OY L
CALL,K AO L
ORGANIZATION,AO R G AH N AH Z EY SH AH N
CHARACTER,K EH R IH K T ER
SINGLE,S IH NG G AH L
LIKELY,L AY K L IY
FUTURE,F Y UW CH ER
DAD,D AE D
WHOSE,HH UW Z
LESS,L EH S
SHOOT,SH UW T
INDUSTRY,IH N D AH S T R IY
SECOND,S EH K AH N D
LIST,L IH S T
STUFF,S T AH F
FIGURE,F IH G Y ER
ATTENTION,AH T EH N SH AH N
RISK,R IH S K
NO,N OW
SHORT,SH AO R T
DOG,D AO G
RED,R EH D
HAIR,HH EH R
POINT,P OY N T
CONDITION,K AH N D IH SH AH N
WALL,W AO L
DAUGHTER,D AO T ER
DEAL,D IY L
AUTHOR,AO TH ER
TRUTH,T R UW TH
UPON,AH P AA N
HUSBAND,HH AH Z B AH N D
PERIOD,P IH R IY AH D
SERIES,S IH R IY Z
ORDER,AO R D ER
LAND,L AE N D
NOTE,N OW T
COMPUTER,K AH M P Y UW T ER
THOUGHT,TH AO T
GOAL,G OW L
BANK,B AE NG K
BEHAVIOR,B IH HH EY V Y ER
SOUND,S AW N D
DEAL,D IY L
CERTAINLY,S ER T AH N L IY
NEARLY,N IH R L IY
ACT,AE K T
NORTH,N AO R TH
WELL,W EH L
BLOOD,B L AH D
CULTURE,K AH L CH ER
EVERYBODY,EH V R IY B AA D IY
DIFFICULT,D IH F AH K AH L T
WINDOW,W IH N D OW
POPULATION,P AA P Y AH L EY SH AH N
LIE,L AY
TREE,T R IY
PARK,P AA R K
WORKER,W ER K ER
DRAW,D R AO
PLAN,P L AE N
PUSH,P UH SH
EARTH,ER TH
PER,P ER
PRIVATE,P R AY V AH T
RACE,R EY S
LETTER,L EH T ER
OTHER,AH DH ER
GUN,G AH N
SIMPLE,S IH M P AH L
COURSE,K AO R S
WONDER,W AH N D ER
INVOLVE,IH N V AA L V
HELL,HH EH L
POOR,P UW R
EACH,IY CH
ANSWER,AE N S ER
NATURE,N EY CH ER
ADMINISTRATION,AE D M IH N IH S T R EY SH AH N
COMMON,K AA M AH N
NO,N OW
HARD,HH AA R D
SONG,S AO NG
ENJOY,EH N JH OY
SIMILAR,S IH M AH L ER
CONGRESS,K AA NG G R AH S
ATTACK,AH T AE K
PAST,P AE S T
HOT,HH AA T
SEEK,S IY K
AMOUNT,AH M AW N T
ANALYSIS,AE N AE L IH S IH S
STORE,S T AO R
DEFENSE,D IH F EH N S
BILL,B IH L
LIKE,L AY K
CELL,S EH L
AWAY,AH W EY
PERFORMANCE,P ER F AO R M AH N S
HOSPITAL,HH AA S P IH T AH L
BED,B EH D
BOARD,B AO R D
PROTECT,P R AH T EH K T
CENTURY,S EH N CH ER IY
SUMMER,S AH M ER
MATERIAL,M AH T IH R IY AH L
INDIVIDUAL,IH N D AH V IH JH AH W AH L
EXAMPLE,IH G Z AE M P AH L
FILL,F IH L
STATE,S T EY T
PLACE,P L EY S
ANIMAL,AE N AH M AH L
FAIL,F EY L
FACTOR,F AE K T ER
SIR,S ER
AGENCY,EY JH AH N S IY
HELP,HH EH L P
ABILITY,AH B IH L AH T IY
MILE,M AY L
STATEMENT,S T EY T M AH N T
ENTIRE,IH N T AY ER
DEMOCRAT,D EH M AH K R AE T
FLOOR,F L AO R
SERIOUS,S IH R IY AH S
CAREER,K ER IH R
VOTE,V OW T
SEX,S EH K S
COMPARE,K AH M P EH R
SOUTH,S AW TH
FORWARD,F AO R W ER D
IDENTIFY,AY D EH N T AH F AY
BEAUTIFUL,B Y UW T AH F AH L
BIT,B IH T
REDUCE,R IH D UW S
SISTER,S IH S T ER
QUALITY,K W AA L AH T IY
QUICKLY,K W IH K L IY
ACT,AE K T
PRESS,P R EH S
WORRY,W ER IY
MENTION,M EH N SH AH N
SOUND,S AW N D
THUS,DH AH S
PLANT,P L AE N T
MOVEMENT,M UW V M AH N T
SCENE,S IY N
SECTION,S EH K SH AH N
TREATMENT,T R IY T M AH N T
WISH,W IH SH
BENEFIT,B EH N AH F IH T
INTERESTING,IH N T AH R EH S T IH NG
WEST,W EH S T
APPROACH,AH P R OW CH
RESOURCE,R IY S AO R S
CLAIM,K L EY M
ANSWER,AE N S ER
PROVE,P R UW V
SORT,S AO R T
SIZE,S AY Z
HANG,HH AE NG
SPORT,S P AO R T
LOSS,L AO S
ARGUE,AA R G Y UW
LEFT,L EH F T
NOTE,N OW T
MEETING,M IY T IH NG
SKILL,S K IH L
CARD,K AA R D
FEELING,F IY L IH NG
DESPITE,D IH S P AY T
DEGREE,D IH G R IY
CRIME,K R AY M
SIGN,S AY N
OCCUR,AH K ER
IMAGINE,IH M AE JH AH N
VOTE,V OW T
NEAR,N IH R
KING,K IH NG
BOX,B AA K S
FIGURE,F IH G Y ER
SEVEN,S EH V AH N
LAUGH,L AE F
DISEASE,D IH Z IY Z
LADY,L EY D IY
DISCUSS,D IH S K AH S
FINISH,F IH N IH SH
DESIGN,D IH Z AY N
CONCERN,K AH N S ER N
BALL,B AO L
EAST,IY S T
RECOGNIZE,R EH K AH G N AY Z
APPLY,AH P L AY
PREPARE,P R IY P EH R
NETWORK,N EH T W ER K
SUCCESS,S AH K S EH S
DISTRICT,D IH S T R IH K T
CUP,K AH P
NAME,N EY M
PHYSICAL,F IH Z IH K AH L
GROWTH,G R OW TH
RISE,R AY Z
HI,HH AY
STANDARD,S T AE N D ER D
FORCE,F AO R S
SIGN,S AY N
FAN,F AE N
STAFF,S T AE F
HURT,HH ER T
LEGAL,L IY G AH L
SEPTEMBER,S EH P T EH M B ER
SET,S EH T
OUTSIDE,AW T S AY D
ET,EH T
STRATEGY,S T R AE T AH JH IY
CLEARLY,K L IH R L IY
PROPERTY,P R AA P ER T IY
LAY,L EY
FINAL,F AY N AH L
AUTHORITY,AH TH AO R AH T IY
METHOD,M EH TH AH D
REGION,R IY JH AH N
SINCE,S IH N S
INDICATE,IH N D AH K EY T
SAFE,S EY F
COMMITTEE,K AH M IH T IY
SUPPOSED,S AH P OW Z D
DREAM,D R IY M
TRAINING,T R EY N IH NG
SHIT,SH IH T
CENTRAL,S EH N T R AH L
EIGHT,EY T
COMPLETELY,K AH M P L IY T L IY
OPINION,AH P IH N Y AH N
MAIN,M EY N
TEN,T EH N
INTERVIEW,IH N T ER V Y UW
EXIST,IH G Z IH S T
REMOVE,R IY M UW V
DARK,D AA R K
PLAY,P L EY
UNION,Y UW N Y AH N
PROFESSOR,P R AH F EH S ER
PRESSURE,P R EH SH ER
PURPOSE,P ER P AH S
STAGE,S T EY JH
BLUE,B L UW
HERSELF,HH ER S EH L F
SUN,S AH N
PAIN,P EY N
AVOID,AH V OY D
ACCOUNT,AH K AW N T
RELEASE,R IY L IY S
FUND,F AH N D
ENVIRONMENT,IH N V AY R AH N M AH N T
TREAT,T R IY T
VERSION,V ER ZH AH N
SHOT,SH AA T
HATE,HH EY T
REALITY,R IY AE L AH T IY
VISIT,V IH Z IH T
CLUB,K L AH B
RIVER,R IH V ER
BRAIN,B R EY N
MEMORY,M EH M ER IY
ROCK,R AA K
TALK,T AO K
GLOBAL,G L OW B AH L
VARIOUS,V EH R IY AH S
ARRIVE,ER AY V
BIT,B IH T
CHALLENGE,CH AE L AH N JH
ARGUMENT,AA R G Y AH M AH N T
WEAPON,W EH P AH N
BEST,B EH S T
STATION,S T EY SH AH N
ISLAND,AY L AH N D
ABSOLUTELY,AE B S AH L UW T L IY
INSTEAD,IH N S T EH D
DISCUSSION,D IH S K AH SH AH N
INSTEAD,IH N S T EH D
AFFECT,AH F EH K T
DESIGN,D IH Z AY N
LITTLE,L IH T AH L
ANYWAY,EH N IY W EY
CONTROL,K AH N T R OW L
TROUBLE,T R AH B AH L
CONVERSATION,K AA N V ER S EY SH AH N
DATE,D EY T
PUBLIC,P AH B L IH K
ARMY,AA R M IY
POST,P OW S T
CHARGE,CH AA R JH
SEAT,S IY T
ASSUME,AH S UW M
WRITER,R AY T ER
PERFORM,P ER F AO R M
GREEN,G R IY N
MARRIAGE,M EH R IH JH
OPERATION,AA P ER EY SH AH N
INDEED,IH N D IY D
SLEEP,S L IY P
NECESSARY,N EH S AH S EH R IY
AGENT,EY JH AH N T
ACCESS,AE K S EH S
BAR,B AA R
DEBATE,D AH B EY T
LEG,L EH G
CONTAIN,K AH N T EY N
BEAT,B IY T
COOL,K UW L
DEMOCRATIC,D EH M AH K R AE T IH K
COLD,K OW L D
GLASS,G L AE S
IMPROVE,IH M P R UW V
TRADE,T R EY D
HEAD,HH EH D
REVIEW,R IY V Y UW
KIND,K AY N D
MEASURE,M EH ZH ER
STOCK,S T AA K
GAS,G AE S
DEEP,D IY P
MIDDLE,M IH D AH L
ORIGINAL,ER IH JH AH N AH L
VICTIM,V IH K T IH M
CANCER,K AE N S ER
SPEECH,S P IY CH
NONE,N AH N
ITEM,AY T AH M
WEIGHT,W EY T
STEP,S T EH P
POSITIVE,P AA Z AH T IH V
FORM,F AO R M
STUDY,S T AH D IY
TRIP,T R IH P
ESTABLISH,IH S T AE B L IH SH
EXECUTIVE,IH G Z EH K Y AH T IH V
POLITICS,P AA L AH T IH K S
STICK,S T IH K
CUSTOMER,K AH S T AH M ER
PUBLISH,P AH B L IH SH
POPULAR,P AA P Y AH L ER
SING,S IH NG
AHEAD,AH HH EH D
TOTAL,T OW T AH L
DISCOVER,D IH S K AH V ER
FAST,F AE S T
BASE,B EY S
MAINTAIN,M EY N T EY N
PAST,P AE S T
MAJORITY,M AH JH AO R AH T IY
PEACE,P IY S
DINNER,D IH N ER
PARTNER,P AA R T N ER
USER,Y UW Z ER
ABOVE,AH B AH V
FLY,F L AY
BAG,B AE G
THEREFORE,DH EH R F AO R
RICH,R IH CH
INDIVIDUAL,IH N D AH V IH JH AH W AH L
TOUGH,T AH F
OWNER,OW N ER
SHALL,SH AE L
VOTER,V OW T ER
TOOL,T UW L
JUNE,JH UW N
FAR,F AA R
MAY,M EY
MOUNTAIN,M AW N T AH N
RANGE,R EY N JH
COACH,K OW CH
FEAR,F IH R
ATTORNEY,AH T ER N IY
UNLESS,AH N L EH S
NOR,N AO R
EXPERT,EH K S P ER T
STRUCTURE,S T R AH K CH ER
BUDGET,B AH JH IH T
INSURANCE,IH N SH UH R AH N S
TEXT,T EH K S T
FREEDOM,F R IY D AH M
CRAZY,K R EY Z IY
READER,R IY D ER
STYLE,S T AY L
THROUGH,TH R UW
MARCH,M AA R CH
MACHINE,M AH SH IY N
NOVEMBER,N OW V EH M B ER
GENERATION,JH EH N ER EY SH AH N
INCOME,IH N K AH M
BORN,B AO R N
ADMIT,AH D M IH T
SEA,S IY
OKAY,OW K EY
MOUTH,M AW TH
THROUGHOUT,TH R UW AW T
OWN,OW N
TEST,T EH S T
WEB,W EH B
SHAKE,SH EY K
THREAT,TH R EH T
SOLUTION,S AH L UW SH AH N
SHUT,SH AH T
DOWN,D AW N
TRAVEL,T R AE V AH L
SCIENTIST,S AY AH N T IH S T
HIDE,HH AY D
OBVIOUSLY,AA B V IY AH S L IY
ALONE,AH L OW N
DRINK,D R IH NG K
INVESTIGATION,IH N V EH S T AH G EY SH AH N
SENATOR,S EH N AH T ER
PHOTOGRAPH,F OW T AH G R AE F
TELEVISION,T EH L AH V IH ZH AH N
KEY,K IY
SEXUAL,S EH K SH UW AH L
RADIO,R EY D IY OW
ONCE,W AH N S
MODERN,M AA D ER N
VIOLENCE,V AY AH L AH N S
TOUCH,T AH CH
FEATURE,F IY CH ER
EVENING,IY V N IH NG
WHOM,HH UW M
FRONT,F R AH N T
HALL,HH AO L
TASK,T AE S K
SCORE,S K AO R
SKIN,S K IH N
SUFFER,S AH F ER
WIDE,W AY D
EXPERIENCE,IH K S P IH R IY AH N S
CIVIL,S IH V AH L
SAFETY,S EY F T IY
WORTH,W ER TH
TITLE,T AY T AH L
HEAT,HH IY T
NORMAL,N AO R M AH L
HOPE,HH OW P
YARD,Y AA R D
FINGER,F IH NG G ER
TEND,T EH N D
MISSION,M IH SH AH N
PARTICIPANT,P AA R T IH S AH P AH N T
HOTEL,HH OW T EH L
JUDGE,JH AH JH
PATTERN,P AE T ER N
BREAK,B R EY K
INSTITUTION,IH N S T IH T UW SH AH N
FAITH,F EY TH
PROFESSIONAL,P R AH F EH SH AH N AH L
FOLK,F OW K
SURFACE,S ER F AH S
CLIENT,K L AY AH N T
EDGE,EH JH
TRADITIONAL,T R AH D IH SH AH N AH L
COUNCIL,K AW N S AH L
DEVICE,D IH V AY S
FIRM,F ER M
RESPONSIBILITY,R IY S P AA N S AH B IH L AH T IY
CHAIR,CH EH R
INTERNET,IH N T ER N EH T
OCTOBER,AA K T OW B ER
BY,B AY
FUNNY,F AH N IY
IMMEDIATELY,IH M IY D IY AH T L IY
SHIP,SH IH P
PREVIOUS,P R IY V IY AH S
CONSUMER,K AH N S UW M ER
ELEMENT,EH L AH M AH N T
NUCLEAR,N UW K L IY ER
AFRAID,AH F R EY D
DEFINE,D IH F AY N
HANDLE,HH AE N D AH L
TRACK,T R AE K
RUN,R AH N
LACK,L AE K
ANNOUNCE,AH N AW N S
JOURNAL,JH ER N AH L
HEAVY,HH EH V IY
ICE,AY S
COLLECTION,K AH L EH K SH AH N
FEED,F IY D
SOLDIER,S OW L JH ER
GOVERNOR,G AH V ER N ER
FISH,F IH SH
SHOULDER,SH OW L D ER
CULTURAL,K AH L CH ER AH L
SUCCESSFUL,S AH K S EH S F AH L
FAIR,F EH R
TRUST,T R AH S T
SUDDENLY,S AH D AH N L IY
FUTURE,F Y UW CH ER
INTERESTED,IH N T AH R EH S T IH D
DELIVER,D IH L IH V ER
FRESH,F R EH SH
ANYBODY,EH N IY B AH D IY
DESTROY,D IH S T R OY
CLAIM,K L EY M
CRITICAL,K R IH T IH K AH L
AGREEMENT,AH G R IY M AH N T
POWERFUL,P AW ER F AH L
RESEARCHER,R IY S ER CH ER
CONCEPT,K AA N S EH P T
WILLING,W IH L IH NG
BAND,B AE N D
MARRY,M EH R IY
PROMISE,P R AA M AH S
EASILY,IY Z AH L IY
LEAGUE,L IY G
SENIOR,S IY N Y ER
CAPITAL,K AE P IH T AH L
ANYMORE,EH N IY M AO R
APRIL,EY P R AH L
POTENTIAL,P AH T EH N SH AH L
ETC,EH T S EH T ER AH
QUICK,K W IH K
MAGAZINE,M AE G AH Z IY N
ATTEND,AH T EH N D
HILL,HH IH L
KITCHEN,K IH CH AH N
ACHIEVE,AH CH IY V
SCREEN,S K R IY N
MISTAKE,M IH S T EY K
ALONG,AH L AO NG
STRIKE,S T R AY K
BATTLE,B AE T AH L
SPOT,S P AA T
BASIC,B EY S IH K
VERY,V EH R IY
CORNER,K AO R N ER
DRIVER,D R AY V ER
BEGINNING,B IH G IH N IH NG
CRISIS,K R AY S AH S
COUNT,K AW N T
ENGAGE,IH N G EY JH
COMMUNICATION,K AH M Y UW N AH K EY SH AH N
MURDER,M ER D ER
BLOW,B L OW
EXPRESS,IH K S P R EH S
HUH,HH AH
MATTER,M AE T ER
BLOG,B L AO G
SMILE,S M AY L
BELIEF,B IH L IY F
BLOCK,B L AA K
DEBT,D EH T
LABOR,L EY B ER
UNDERSTANDING,AH N D ER S T AE N D IH NG
NEIGHBORHOOD,N EY B ER HH UH D
MIDDLE,M IH D AH L
SPECIES,S P IY SH IY Z
ADDITIONAL,AH D IH SH AH N AH L
SAMPLE,S AE M P AH L
INVOLVED,IH N V AA L V D
PATH,P AE TH
CONCERNED,K AH N S ER N D
APPLE,AE P AH L
GOD,G AA D
WONDERFUL,W AH N D ER F AH L
LIBRARY,L AY B R EH R IY
PRISON,P R IH Z AH N
HOLE,HH OW L
ATTEMPT,AH T EH M P T
COMPLETE,K AH M P L IY T
CODE,K OW D
SALES,S EY L Z
GIFT,G IH F T
GARDEN,G AA R D AH N
ROLL,R OW L
DEFINITELY,D EH F AH N AH T L IY
LIKE,L AY K
LAKE,L EY K
TURN,T ER N
SURE,SH UH R
EARN,ER N
PLANE,P L EY N
EXAMINE,IH G Z AE M IH N
APPLICATION,AE P L AH K EY SH AH N
GAIN,G EY N
FILE,F AY L
BILLION,B IH L Y AH N
IGNORE,IH G N AO R
WELCOME,W EH L K AH M
GOLD,G OW L D
JUMP,JH AH M P
PLANET,P L AE N AH T
LOCATION,L OW K EY SH AH N
BIRD,B ER D
AMAZING,AH M EY Z IH NG
PRINCIPLE,P R IH N S AH P AH L
PROMOTE,P R AH M OW T
SEARCH,S ER CH
NINE,N AY N
ALIVE,AH L AY V
POSSIBILITY,P AA S AH B IH L AH T IY
SKY,S K AY
OTHERWISE,AH DH ER W AY Z
REMIND,R IY M AY N D
HEALTHY,HH EH L TH IY
FIT,F IH T
HORSE,HH AO R S
ADVANTAGE,AE D V AE N T IH JH
COMMERCIAL,K AH M ER SH AH L
STEAL,S T IY L
CONTEXT,K AA N T EH K S T
HIGHLY,HH AY L IY
CHRISTMAS,K R IH S M AH S
MOVE,M UW V
MEAN,M IY N
ALONE,AH L OW N
BEACH,B IY CH
WRITING,R AY T IH NG
MASTER,M AE S T ER
CRY,K R AY
SCALE,S K EY L
RESIDENT,R EH Z IH D AH N T
FOOTBALL,F UH T B AO L
SWEET,S W IY T
FAILURE,F EY L Y ER
REPORTER,R IH P AO R T ER
COMMIT,K AH M IH T
FIGHT,F AY T
VISION,V IH ZH AH N
FUNCTION,F AH NG K SH AH N
TRULY,T R UW L IY
SICK,S IH K
CHINESE,CH AY N IY Z
CONNECTION,K AH N EH K SH AH N
CAMP,K AE M P
STONE,S T OW N
KEY,K IY
TRUCK,T R AH K
AFTERNOON,AE F T ER N UW N
RESPONSIBLE,R IY S P AA N S AH B AH L
SECRETARY,S EH K R AH T EH R IY
APPARENTLY,AH P EH R AH N T L IY
SMART,S M AA R T
SOUTHERN,S AH DH ER N
TOTALLY,T OW T AH L IY
COLLECT,K AH L EH K T
BURN,B ER N
LEARNING,L ER N IH NG
WAKE,W EY K
CONTRIBUTE,K AH N T R IH B Y UW T
RIDE,R AY D
BRITISH,B R IH T IH SH
FOLLOWING,F AA L OW IH NG
ORDER,AO R D ER
SHARE,SH EH R
NEWSPAPER,N UW Z P EY P ER
FOUNDATION,F AW N D EY SH AH N
VARIETY,V ER AY AH T IY
PERSPECTIVE,P ER S P EH K T IH V
PRESENCE,P R EH Z AH N S
STARE,S T EH R
LESSON,L EH S AH N
LIMIT,L IH M AH T
APPRECIATE,AH P R IY SH IY EY T
COMPLETE,K AH M P L IY T
OBSERVE,AH B Z ER V
CURRENTLY,K ER AH N T L IY
FUN,F AH N
CROWD,K R AW D
ATTACK,AH T AE K
APARTMENT,AH P AA R T M AH N T
SURVIVE,S ER V AY V
GUEST,G EH S T
SOUL,S OW L
PROTECTION,P R AH T EH K SH AH N
INTELLIGENCE,IH N T EH L AH JH AH N S
SOMEWHERE,S AH M W EH R
BORDER,B AO R D ER
TERMS,T ER M Z
LEADERSHIP,L IY D ER SH IH P
CHIEF,CH IY F
ATTITUDE,AE T AH T UW D
START,S T AA R T
UM,AH M
DENY,D IH N AY
WEBSITE,W EH B S AY T
SERIOUSLY,S IH R IY AH S L IY
FIX,F IH K S
NEGATIVE,N EH G AH T IH V
CONNECT,K AH N EH K T
DISTANCE,D IH S T AH N S
RELATION,R IY L EY SH AH N
FLIGHT,F L AY T
DANGEROUS,D EY N JH ER AH S
BOAT,B OW T
ASPECT,AE S P EH K T
GRAB,G R AE B
UNTIL,AH N T IH L
LIKE,L AY K
JANUARY,JH AE N Y UW EH R IY
INDEPENDENT,IH N D IH P EH N D AH N T
VOLUME,V AA L Y UW M
LOTS,L AA T S
FRONT,F R AH N T
ONLINE,AO N L AY N
THEATER,TH IY EY T ER
SPEED,S P IY D
AWARE,AH W EH R
IDENTITY,AY D EH N T AH T IY
DEMAND,D IH M AE N D
EXTRA,EH K S T R AH
CHARGE,CH AA R JH
GUARD,G AA R D
DEMONSTRATE,D EH M AH N S T R EY T
FULLY,F UH L IY
FACILITY,F AH S IH L IH T IY
FARM,F AA R M
MIND,M AY N D
FUN,F AH N
LIGHT,L AY T
LINK,L IH NG K
SHOE,SH UW
INSTITUTE,IH N S T IH T UW T
LIVING,L IH V IH NG
EUROPEAN,Y UH R AH P IY AH N
QUARTER,K W AO R T ER
BASICALLY,B EY S IH K L IY
MULTIPLE,M AH L T AH P AH L
POLL,P OW L
WILD,W AY L D
MEASURE,M EH ZH ER
TWICE,T W AY S
CROSS,K R AO S
BACKGROUND,B AE K G R AW N D
SETTLE,S EH T AH L
WINTER,W IH N T ER
PRESIDENTIAL,P R EH Z IH D EH N SH AH L
FUCK,F AH K
VIEW,V Y UW
DAILY,D EY L IY
SHOP,SH AA P
ABOVE,AH B AH V
DIVISION,D IH V IH ZH AH N
SLOWLY,S L OW L IY
REACTION,R IY AE K SH AH N
INJURY,IH N JH ER IY
GRADE,G R EY D
WOW,W AW
BIRTH,B ER TH
OUTCOME,AW T K AH M
ENEMY,EH N AH M IY
BEING,B IY IH NG
STORM,S T AO R M
SHAPE,SH EY P
BOWL,B OW L
COMMISSION,K AH M IH SH AH N
CAPTAIN,K AE P T AH N
TROOP,T R UW P
FEMALE,F IY M EY L
WOOD,W UH D
WARM,W AO R M
CLEAN,K L IY N
NEIGHBOR,N EY B ER
TINY,T AY N IY
MENTAL,M EH N T AH L
GLAD,G L AE D
FINDING,F AY N D IH NG
LORD,L AO R D
DRIVE,D R AY V
QUIET,K W AY AH T
SPREAD,S P R EH D
BRIGHT,B R AY T
CUT,K AH T
INFLUENCE,IH N F L UW AH N S
KICK,K IH K
ANNUAL,AE N Y UW AH L
WAVE,W EY V
TRADITION,T R AH D IH SH AH N
THREATEN,TH R EH T AH N
PRIMARY,P R AY M EH R IY
STRANGE,S T R EY N JH
ACTOR,AE K T ER
BLAME,B L EY M
ACTIVE,AE K T IH V
CAT,K AE T
DEPEND,D IH P EH N D
BUS,B AH S
AFFAIR,AH F EH R
CONTACT,K AA N T AE K T
CATEGORY,K AE T AH G AO R IY
TOPIC,T AA P IH K
VICTORY,V IH K T AH R IY
MAP,M AE P
EGG,EH G
EXPRESSION,IH K S P R EH SH AH N
PAST,P AE S T
SESSION,S EH SH AH N
COMPETITION,K AA M P AH T IH SH AH N
POSSIBLY,P AA S AH B L IY
TECHNIQUE,T EH K N IY K
MINE,M AY N
INTEND,IH N T EH N D
IMPOSSIBLE,IH M P AA S AH B AH L
MORAL,M AO R AH L
ACADEMIC,AE K AH D EH M IH K
WINE,W AY N
APPROACH,AH P R OW CH
SOMEHOW,S AH M HH AW
GATHER,G AE DH ER
SCIENTIFIC,S AY AH N T IH F IH K
AFRICAN,AE F R IH K AA N
COOK,K UH K
PARTICIPATE,P AA R T IH S AH P EY T
GAY,G EY
YOUTH,Y UW TH
DRESS,D R EH S
STRAIGHT,S T R EY T
WEATHER,W EH DH ER
RECOMMEND,R EH K AH M EH N D
MEDICINE,M EH D AH S AH N
NOVEL,N AA V AH L
OBVIOUS,AA B V IY AH S
EXCHANGE,IH K S CH EY N JH
EXPLORE,IH K S P L AO R
EXTEND,IH K S T EH N D
BAY,B EY
INVITE,IH N V AY T
TIE,T AY
AH,AA
BELONG,B IH L AO NG
OBTAIN,AH B T EY N
BROAD,B R AO D
CONCLUSION,K AH N K L UW ZH AH N
ASSESSMENT,AH S EH S M AH N T
SMILE,S M AY L
FEATURE,F IY CH ER
CASH,K AE SH
DEFEND,D IH F EH N D
POUND,P AW N D
CORRECT,K ER EH K T
MARRIED,M EH R IY D
PAIR,P EH R
SLIGHTLY,S L AY T L IY
LOAN,L OW N
HALF,HH AE F
SUIT,S UW T
DEMAND,D IH M AE N D
HISTORICAL,HH IH S T AO R IH K AH L
MEANING,M IY N IH NG
ATTEMPT,AH T EH M P T
SUPPLY,S AH P L AY
LIFT,L IH F T
HONEY,HH AH N IY
BONE,B OW N
CONSEQUENCE,K AA N S AH K W AH N S
UNIQUE,Y UW N IY K
REGULATION,R EH G Y AH L EY SH AH N
AWARD,AH W AO R D
BOTTOM,B AA T AH M
FAMILIAR,F AH M IH L Y ER
CLASSROOM,K L AE S R UW M
SEARCH,S ER CH
LONG,L AO NG
LUNCH,L AH N CH
JUDGE,JH AH JH
AD,AE D
DESIRE,D IH Z AY ER
INSTRUCTION,IH N S T R AH K SH AH N
THINKING,TH IH NG K IH NG
TOUR,T UH R
FRENCH,F R EH N CH
MOON,M UW N
SAD,S AE D
DECEMBER,D IH S EH M B ER
CHICKEN,CH IH K AH N
TRAIN,T R EY N
CONSTRUCTION,K AH N S T R AH K SH AH N
LINK,L IH NG K
DESERVE,D IH Z ER V
FAMOUS,F EY M AH S
INTERVENTION,IH N T ER V EH N SH AH N
GRAND,G R AE N D
VISIT,V IH Z IH T
CONFIRM,K AH N F ER M
LUCKY,L AH K IY
INSIST,IH N S IH S T
COAST,K OW S T
PROUD,P R AW D
COVER,K AH V ER
FOURTH,F AO R TH
COP,K AA P
ANGRY,AE NG G R IY
NATIVE,N EY T IH V
BASEBALL,B EY S B AO L
BUT,B AH T
EMAIL,IY M EY L
ACCIDENT,AE K S AH D AH N T
FRONT,F R AH N T
GROWING,G R OW IH NG
STRUGGLE,S T R AH G AH L
EXPAND,IH K S P AE N D
CHIEF,CH IY F
LAUNCH,L AO N CH
TREND,T R EH N D
RING,R IH NG
BREATH,B R EH TH
INCH,IH N CH
NECK,N EH K
CORE,K AO R
TERRIBLE,T EH R AH B AH L
BILLION,B IH L Y AH N
RELATIVELY,R EH L AH T IH V L IY
PRESS,P R EH S
MISS,M IH S
SLOW,S L OW
GENERATE,JH EH N ER EY T
EXTREMELY,IH K S T R IY M L IY
LAST,L AE S T
DRINK,D R IH NG K
FOREVER,F ER EH V ER
DEEP,D IY P
EXCEPT,IH K S EH P T
CHEAP,CH IY P
LITERATURE,L IH T ER AH CH ER
MAYOR,M EY ER
MALE,M EY L
IMPORTANCE,IH M P AO R T AH N S
DANGER,D EY N JH ER
KNEE,N IY
ASS,AE S
CAPTURE,K AE P CH ER
TRAFFIC,T R AE F IH K
FUCKING,F AH K IH NG
OUTSIDE,AW T S AY D
NOW,N AW
TRAIN,T R EY N
PLATE,P L EY T
EQUIPMENT,IH K W IH P M AH N T
SELECT,S AH L EH K T
FILE,F AY L
STUDIO,S T UW D IY OW
EXPENSIVE,IH K S P EH N S IH V
ADOPT,AH D AA P T
LUCK,L AH K
PM,P IY EH M
PANEL,P AE N AH L
CIRCLE,S ER K AH L
CRITIC,K R IH T IH K
SOLVE,S AA L V
BUSY,B IH Z IY
EPISODE,EH P IH S OW D
BACK,B AE K
CHECK,CH EH K
REQUIREMENT,R IH K W AY R M AH N T
POLITICIAN,P AA L AH T IH SH AH N
RAIN,R EY N
COLLEAGUE,K AA L IY G
BEER,B IH R
EXERCISE,EH K S ER S AY Z
TIRED,T AY ER D
DEMOCRACY,D IH M AA K R AH S IY
ULTIMATELY,AH L T AH M AH T L IY
SETTING,S EH T IH NG
HONOR,AA N ER
WORKS,W ER K S
THEME,TH IY M
ISSUE,IH SH UW
MALE,M EY L
CLEAN,K L IY N
POOL,P UW L
COMFORTABLE,K AH M F ER T AH B AH L
INVESTIGATE,IH N V EH S T AH G EY T
USEFUL,Y UW S F AH L
POCKET,P AA K AH T
ENTIRELY,IH N T AY ER L IY
FEAR,F IH R
AFFORD,AH F AO R D
SUGAR,SH UH G ER
TEACHING,T IY CH IH NG
CONSERVATIVE,K AH N S ER V AH T IH V
CHAIRMAN,CH EH R M AH N
ERROR,EH R ER
BRIDGE,B R IH JH
TALL,T AO L
SPECIFICALLY,S P AH S IH F IH K L IY
FLOWER,F L AW ER
THOUGH,DH OW
UNIVERSE,Y UW N AH V ER S
ACKNOWLEDGE,AE K N AA L IH JH
LIMIT,L IH M AH T
CREW,K R UW
LOCATE,L OW K EY T
BALANCE,B AE L AH N S
EQUAL,IY K W AH L
LIP,L IH P
LEAN,L IY N
ZONE,Z OW N
WEDDING,W EH D IH NG
COPY,K AA P IY
SCORE,S K AO R
JOKE,JH OW K
USED,Y UW Z D
CLEAR,K L IH R
BEAR,B EH R
MEAL,M IY L
REVIEW,R IY V Y UW
SIGHT,S AY T
SLEEP,S L IY P
RUSSIAN,R AH SH AH N
DRESS,D R EH S
RELEASE,R IY L IY S
CHALLENGE,CH AE L AH N JH
CAREFUL,K EH R F AH L
GENDER,JH EH N D ER
TAPE,T EY P
OCEAN,OW SH AH N
UNIDENTIFIED,AH N AY D EH N T AH F AY D
HOST,HH OW S T
GRANT,G R AE N T
CIRCUMSTANCE,S ER K AH M S T AE N S
LATE,L EY T
DECLARE,D IH K L EH R
DOMESTIC,D AH M EH S T IH K
TEA,T IY
ORGANIZE,AO R G AH N AY Z
OFFICIAL,AH F IH SH AH L
SURROUND,S ER AW N D
MANNER,M AE N ER
MASSIVE,M AE S IH V
CLOUD,K L AW D
WINNER,W IH N ER
HONEST,AA N AH S T
STANDARD,S T AE N D ER D
PROPOSE,P R AH P OW Z
PLUS,P L AH S
SENTENCE,S EH N T AH N S
APPEARANCE,AH P IH R AH N S
EXCELLENT,EH K S AH L AH N T
CRIMINAL,K R IH M AH N AH L
SALT,S AO L T
BEAUTY,B Y UW T IY
BOTTLE,B AA T AH L
COMPONENT,K AH M P OW N AH N T
UNDER,AH N D ER
FEE,F IY
JEWISH,JH UW IH SH
DRY,D R AY
DANCE,D AE N S
SHIRT,SH ER T
TIP,T IH P
PLASTIC,P L AE S T IH K
INDIAN,IH N D IY AH N
MARK,M AA R K
TOOTH,T UW TH
MEAT,M IY T
STRESS,S T R EH S
ILLEGAL,IH L IY G AH L
SIGNIFICANTLY,S IH G N IH F IH K AH N T L IY
CONSTITUTION,K AA N S T AH T UW SH AH N
DEFINITION,D EH F AH N IH SH AH N
UNCLE,AH NG K AH L
METAL,M EH T AH L
ALBUM,AE L B AH M
SELF,S EH L F
SUPPOSE,S AH P OW Z
INVESTOR,IH N V EH S T ER
FRUIT,F R UW T
HOLY,HH OW L IY
DESK,D EH S K
EASTERN,IY S T ER N
VALLEY,V AE L IY
LARGELY,L AA R JH L IY
ABORTION,AH B AO R SH AH N
CHAPTER,CH AE P T ER
COMMITMENT,K AH M IH T M AH N T
CELEBRATE,S EH L AH B R EY T
ARREST,ER EH S T
DANCE,D AE N S
PRIME,P R AY M
URBAN,ER B AH N
INTERNAL,IH N T ER N AH L
BOTHER,B AA DH ER
PROPOSAL,P R AH P OW Z AH L
SHIFT,SH IH F T
GUILTY,G IH L T IY
WARN,W AO R N
INFLUENCE,IH N F L UW AH N S
WEAK,W IY K
EXCEPT,IH K S EH P T
CATHOLIC,K AE TH L IH K
NOSE,N OW Z
VARIABLE,V EH R IY AH B AH L
CONVENTION,K AH N V EH N SH AH N
JURY,JH UH R IY
ROOT,R UW T
INCIDENT,IH N S AH D AH N T
CLIMB,K L AY M
HEARING,HH IY R IH NG
PAYMENT,P EY M AH N T
BEAR,B EH R
CONCLUDE,K AH N K L UW D
SCREAM,S K R IY M
SURGERY,S ER JH ER IY
SHADOW,SH AE D OW
WITNESS,W IH T N AH S
INCREASINGLY,IH N K R IY S IH NG G L IY
CHEST,CH EH S T
AMENDMENT,AH M EH N D M AH N T
PAINT,P EY N T
COMPLAIN,K AH M P L EY N
EXTENT,IH K S T EH N T
PLEASURE,P L EH ZH ER
NOD,N AA D
SUPER,S UW P ER
TALENT,T AE L AH N T
NECESSARILY,N EH S AH S EH R AH L IY
LIBERAL,L IH B ER AH L
EXPECTATION,EH K S P EH K T EY SH AH N
RIDE,R AY D
ACCUSE,AH K Y UW Z
KNOCK,N AA K
PREVIOUSLY,P R IY V IY AH S L IY
WING,W IH NG
CORPORATION,K AO R P ER EY SH AH N
SECTOR,S EH K T ER
FAT,F AE T
EXPERIMENT,IH K S P EH R AH M AH N T
MATCH,M AE CH
THIN,TH IH N
FARMER,F AA R M ER
RARE,R EH R
CONFIDENCE,K AA N F AH D EH N S
BUNCH,B AH N CH
BET,B EH T
CITE,S AY T
NORTHERN,N AO R DH ER N
SPEAKER,S P IY K ER
BREAST,B R EH S T
CONTRIBUTION,K AA N T R AH B Y UW SH AH N
LEAF,L IY F
CREATIVE,K R IY EY T IH V
HAT,HH AE T
DOUBT,D AW T
PROMISE,P R AA M AH S
PURSUE,P ER S UW
OVERALL,OW V ER AO L
NURSE,N ER S
LONG-TERM,L AO NG T ER M
GENE,JH IY N
WEIRD,W IH R D
HARDLY,HH AA R D L IY
DADDY,D AE D IY
LIST,L IH S T
COMMENT,K AA M EH N T
AID,EY D
VS,V ER S AH Z
INVEST,IH N V EH S T
PERSONALLY,P ER S AH N AH L IY
NOTION,N OW SH AH N
EXPLANATION,EH K S P L AH N EY SH AH N
AIRPORT,EH R P AO R T
CHAIN,CH EY N
EXPOSE,IH K S P OW Z
LOCK,L AA K
CONVINCE,K AH N V IH N S
CHANNEL,CH AE N AH L
CAREFULLY,K EH R F AH L IY
ESTATE,EH S T EY T
INITIAL,IH N IH SH AH L
OFFER,AO F ER
PURCHASE,P ER CH AH S
GUIDE,G AY D
FORTH,F AO R TH
BOND,B AA N D
BIRTHDAY,B ER TH D EY
TRAVEL,T R AE V AH L
PRAY,P R EY
IMPROVEMENT,IH M P R UW V M AH N T
OUGHT,AO T
ESCAPE,IH S K EY P
TRAIL,T R EY L
BROWN,B R AW N
FASHION,F AE SH AH N
SHEET,SH IY T
FUNDING,F AH N D IH NG
MEANWHILE,M IY N W AY L
FAULT,F AO L T
BARELY,B EH R L IY
ELIMINATE,IH L IH M AH N EY T
MOTION,M OW SH AH N
APART,AH P AA R T
COMBINATION,K AA M B AH N EY SH AH N
DESCRIPTION,D IH S K R IH P SH AH N
MIX,M IH K S
SNOW,S N OW
IMPLEMENT,IH M P L AH M AH N T
PRETTY,P R IH T IY
PROPER,P R AA P ER
PART,P AA R T
MARKETING,M AA R K AH T IH NG
APPROVE,AH P R UW V
OTHER,AH DH ER
SLIP,S L IH P
REGIONAL,R IY JH AH N AH L
LACK,L AE K
MUSCLE,M AH S AH L
CONTACT,K AA N T AE K T
RISE,R AY Z
FALSE,F AO L S
LIKELY,L AY K L IY
CREATION,K R IY EY SH AH N
SPENDING,S P EH N D IH NG
INSTRUMENT,IH N S T R AH M AH N T
MASS,M AE S
FAR,F AA R
THICK,TH IH K
KISS,K IH S
INSPIRE,IH N S P AY R
NOISE,N OY Z
YELLOW,Y EH L OW
AIM,EY M
E-MAIL,IY M EY L
CYCLE,S AY K AH L
SIGNAL,S IH G N AH L
APP,AE P
GOLDEN,G OW L D AH N
INFORM,IH N F AO R M
PERCEPTION,P ER S EH P SH AH N
VISITOR,V IH Z IH T ER
CAST,K AE S T
JUDGMENT,JH AH JH M AH N T
MEAN,M IY N
REST,R EH S T
PASS,P AE S
MERELY,M IH R L IY
PRODUCER,P R AH D UW S ER
LIE,L AY
ANALYST,AE N AH L IH S T
ACCOUNT,AH K AW N T
ELECT,IH L EH K T
SMELL,S M EH L
FEMALE,F IY M EY L
LIVING,L IH V IH NG
COMPARISON,K AH M P EH R AH S AH N
HAND,HH AE N D
RATING,R EY T IH NG
CAMPUS,K AE M P AH S
ASSESS,AH S EH S
SOLID,S AA L AH D
BRANCH,B R AE N CH
MAD,M AE D
OPPOSITION,AA P AH Z IH SH AH N
FAST,F AE S T
LAND,L AE N D
HIT,HH IH T
ASIDE,AH S AY D
ATHLETE,AE TH L IY T
OPENING,OW P AH N IH NG
BASKETBALL,B AE S K AH T B AO L
EXISTING,IH G Z IH S T IH NG
REVOLUTION,R EH V AH L UW SH AH N
CLICK,K L IH K
FUCK,F AH K
PLATFORM,P L AE T F AO R M
BEHIND,B IH HH AY N D
FRAME,F R EY M
APPEAL,AH P IY L
QUOTE,K W OW T
POTENTIAL,P AH T EH N SH AH L
STRUGGLE,S T R AH G AH L
BRAND,B R AE N D
LEGISLATION,L EH JH AH S L EY SH AH N
ADDITION,AH D IH SH AH N
LAB,L AE B
OPPOSE,AH P OW Z
ROW,R OW
IMMIGRATION,IH M AH G R EY SH AH N
ASSET,AE S EH T
OBSERVATION,AA B Z ER V EY SH AH N
ONLINE,AO N L AY N
TASTE,T EY S T
DECLINE,D IH K L AY N
ATTRACT,AH T R AE K T
HA,HH AA
HOUSEHOLD,HH AW S HH OW L D
BREATHE,B R IY DH
MIRROR,M IH R ER
PILOT,P AY L AH T
STAND,S T AE N D
MILK,M IH L K
WARNING,W AO R N IH NG
HEAVEN,HH EH V AH N
FLOW,F L OW
QUIT,K W IH T
CALORIE,K AE L AO R IY
SEED,S IY D
VAST,V AE S T
BIKE,B AY K
GERMAN,JH ER M AH N
DRAG,D R AE G
TECHNICAL,T EH K N IH K AH L
DISASTER,D IH Z AE S T ER
DISPLAY,D IH S P L EY
SALE,S EY L
BATHROOM,B AE TH R UW M
SUCCEED,S AH K S IY D
CONSISTENT,K AH N S IH S T AH N T
AGENDA,AH JH EH N D AH
ENFORCEMENT,EH N F AO R S M AH N T
DIET,D AY AH T
MARK,M AA R K
SILENCE,S AY L AH N S
BIBLE,B AY B AH L
QUEEN,K W IY N
DIVIDE,D IH V AY D
EXPENSE,IH K S P EH N S
CREAM,K R IY M
EXPOSURE,IH K S P OW ZH ER
PRIORITY,P R AY AO R AH T IY
SOIL,S OY L
ANGEL,EY N JH AH L
JOURNEY,JH ER N IY
TRUST,T R AH S T
RELEVANT,R EH L AH V AH N T
TANK,T AE NG K
CHEESE,CH IY Z
BEDROOM,B EH D R UW M
TONE,T OW N
SELECTION,S AH L EH K SH AH N
DATE,D EY T
GAP,G AE P
DISAGREE,D IH S AH G R IY
CHARACTERISTIC,K EH R IH K T ER IH S T IH K
PROTEIN,P R OW T IY N
RESOLUTION,R EH Z AH L UW SH AH N
WHOLE,HH OW L
FEWER,F Y UW ER
ENGINEER,EH N JH AH N IH R
DISH,D IH SH
WASTE,W EY S T
PRINT,P R IH N T
DEPRESSION,D IH P R EH SH AH N
DUDE,D UW D
FAT,F AE T
UPPER,AH P ER
WRAP,R AE P
VISUAL,V IH ZH AH W AH L
RUSH,R AH SH
GATE,G EY T
SLOW,S L OW
ENTRY,EH N T R IY
JAPANESE,JH AE P AH N IY Z
GRAY,G R EY
ASSISTANCE,AH S IH S T AH N S
HEIGHT,HH AY T
COMPETE,K AH M P IY T
RULE,R UW L
BENEFIT,B EH N AH F IH T
PHASE,F EY Z
CONSERVATIVE,K AH N S ER V AH T IH V
RECOVER,R IH K AH V ER
CRITICISM,K R IH T IH S IH Z AH M
FACULTY,F AE K AH L T IY
ACHIEVEMENT,AH CH IY V M AH N T
ALCOHOL,AE L K AH HH AA L
THERAPY,TH EH R AH P IY
OFFENSE,AH F EH N S
TOUCH,T AH CH
KILLER,K IH L ER
PERSONALITY,P ER S AH N AE L IH T IY
DEEPLY,D IY P L IY
SOON,S UW N
SUCK,S AH K
TRANSITION,T R AE N Z IH SH AH N
FAIRLY,F EH R L IY
COLUMN,K AA L AH M
WASH,W AA SH
BUTTON,B AH T AH N
OPPONENT,AH P OW N AH N T
POUR,P AO R
IMMIGRANT,IH M AH G R AH N T
FIRST,F ER S T
DISTRIBUTION,D IH S T R AH B Y UW SH AH N
PREGNANT,P R EH G N AH N T
UNABLE,AH N EY B AH L
ALTERNATIVE,AO L T ER N AH T IH V
STOP,S T AA P
VIOLENT,V AY AH L AH N T
PORTION,P AO R SH AH N
ACQUIRE,AH K W AY ER
STRETCH,S T R EH CH
DEFICIT,D EH F AH S AH T
SYMPTOM,S IH M P T AH M
SOLAR,S OW L ER
COMPLAINT,K AH M P L EY N T
CAPABLE,K EY P AH B AH L
ANALYZE,AE N AH L AY Z
SCARED,S K EH R D
SUPPORTER,S AH P AO R T ER
DIG,D IH G
TWENTY,T W EH N T IY
PRETEND,P R IY T EH N D
PHILOSOPHY,F AH L AA S AH F IY
CHILDHOOD,CH AY L D HH UH D
LOWER,L OW ER
WELL,W EH L
OUTSIDE,AW T S AY D
DARK,D AA R K
WEALTH,W EH L TH
WELFARE,W EH L F EH R
POVERTY,P AA V ER T IY
PROSECUTOR,P R AA S IH K Y UW T ER
SPIRITUAL,S P IH R IH CH UW AH L
DOUBLE,D AH B AH L
MASS,M AE S
ISRAELI,IH Z R EY L IY
SHIFT,SH IH F T
BUCK,B AH K
DISPLAY,D IH S P L EY
KNIFE,N AY F
ROUND,R AW N D
TECH,T EH K
DETECTIVE,D IH T EH K T IH V
PACK,P AE K
DISORDER,D IH S AO R D ER
CREATURE,K R IY CH ER
CLOSELY,K L OW S L IY
INDUSTRIAL,IH N D AH S T R IY AH L
HOUSING,HH AW Z IH NG
CHIP,CH IH P
REGARDLESS,R AH G AA R D L AH S
NUMEROUS,N UW M ER AH S
TIE,T AY
RANGE,R EY N JH
COMMAND,K AH M AE N D
SHOOTING,SH UW T IH NG
DOZEN,D AH Z AH N
POP,P AA P
LAYER,L EY ER
BREAD,B R EH D
EXCEPTION,IH K S EH P SH AH N
PASSION,P AE SH AH N
BLOCK,B L AA K
HIGHWAY,HH AY W EY
PURE,P Y UH R
COMMANDER,K AH M AE N D ER
EXTREME,IH K S T R IY M
PUBLICATION,P AH B L IH K EY SH AH N
VICE,V AY S
FELLOW,F EH L OW
WIN,W IH N
MYSTERY,M IH S T ER IY
CHAMPIONSHIP,CH AE M P IY AH N SH IH P
INSTALL,IH N S T AO L
TALE,T EY L
LIBERTY,L IH B ER T IY
HOST,HH OW S T
BENEATH,B IH N IY TH
PASSENGER,P AE S AH N JH ER
PHYSICIAN,F AH Z IH SH AH N
SHARP,SH AA R P
SUBSTANCE,S AH B S T AH N S
ATMOSPHERE,AE T M AH S F IH R
STIR,S T ER
PEPPER,P EH P ER
EMPHASIZE,EH M F AH S AY Z
CABLE,K EY B AH L
SQUARE,S K W EH R
RECIPE,R EH S AH P IY
LOAD,L OW D
VEGETABLE,V EH JH T AH B AH L
ACCOMPLISH,AH K AA M P L IH SH
SILENT,S AY L AH N T
HABIT,HH AE B AH T
TOTAL,T OW T AH L
GAIN,G EY N
TERRITORY,T EH R IH T AO R IY
GIRLFRIEND,G ER L F R EH N D
CONSIST,K AH N S IH S T
STRAIGHT,S T R EY T
SURELY,SH UH R L IY
PROOF,P R UW F
NERVOUS,N ER V AH S
IMMEDIATE,IH M IY D IY AH T
PARKING,P AA R K IH NG
SIN,S IH N
RICE,R AY S
ENGINEERING,EH N JH AH N IH R IH NG
ADVANCE,AH D V AE N S
INTERVIEW,IH N T ER V Y UW
BURY,B EH R IY
STILL,S T IH L
CAKE,K EY K
ANONYMOUS,AH N AA N AH M AH S
FLAG,F L AE G
CONTEMPORARY,K AH N T EH M P ER EH R IY
JAIL,JH EY L
RURAL,R UH R AH L
MATCH,M AE CH
COACH,K OW CH
INTERPRETATION,IH N T ER P R IH T EY SH AH N
WAGE,W EY JH
BREAKFAST,B R EH K F AH S T
SEVERE,S AH V IH R
PROFILE,P R OW F AY L
SAVING,S EY V IH NG
BRIEF,B R IY F
ADJUST,AH JH AH S T
REDUCTION,R IH D AH K SH AH N
CONSTANTLY,K AA N S T AH N T L IY
ASSIST,AH S IH S T
BITCH,B IH CH
CONSTANT,K AA N S T AH N T
PRIMARILY,P R AY M EH R AH L IY
SHOUT,SH AW T
ACADEMY,AH K AE D AH M IY
TEASPOON,T IY S P UW N
DREAM,D R IY M
COUNT,K AW N T
SWEAR,S W EH R
AVENUE,AE V AH N UW
PRIEST,P R IY S T
WASTE,W EY S T
OWE,OW
GRASS,G R AE S
ETHNIC,EH TH N IH K
SCHOLAR,S K AA L ER
ABANDON,AH B AE N D AH N
PRACTICAL,P R AE K T IH K AH L
INFECTION,IH N F EH K SH AH N
MUSICAL,M Y UW Z IH K AH L
SUGGESTION,S AH JH EH S CH AH N
SMOKE,S M OW K
PRINCE,P R IH N S
ILLNESS,IH L N AH S
TRADE,T R EY D
VOLUNTEER,V AA L AH N T IH R
MINE,M AY N
OPPOSITE,AA P AH Z IH T
AWESOME,AO S AH M
SWITCH,S W IH CH
BLACK,B L AE K
IRON,AY ER N
PERCEIVE,P ER S IY V
PHRASE,F R EY Z
ASSUMPTION,AH S AH M P SH AH N
SAND,S AE N D
DESIGNER,D IH Z AY N ER
PLANNING,P L AE N IH NG
LEADING,L IY D IH NG
MODE,M OW D
TRACK,T R AE K
WIDELY,W AY D L IY
OCCASION,AH K EY ZH AH N
POSE,P OW Z
APPROXIMATELY,AH P R AA K S AH M AH T L IY
ELSEWHERE,EH L S W EH R
CAP,K AE P
SECURE,S IH K Y UH R
ATTACH,AH T AE CH
MECHANISM,M EH K AH N IH Z AH M
INTENTION,IH N T EH N CH AH N
SCENARIO,S IH N EH R IY OW
YELL,Y EH L
INCREDIBLE,IH N K R EH D AH B AH L
SPANISH,S P AE N IH SH
STRONGLY,S T R AO NG L IY
RACIAL,R EY SH AH L
TRANSPORTATION,T R AE N S P ER T EY SH AH N
POT,P AA T
BOYFRIEND,B OY F R EH N D
CONSIDERATION,K AH N S IH D ER EY SH AH N
PRIOR,P R AY ER
RARELY,R EH R L IY
JOINT,JH OY N T
DOUBT,D AW T
CIGARETTE,S IH G AH R EH T
FACTORY,F AE K T ER IY
CLIP,K L IH P
ELECTRIC,IH L EH K T R IH K
GIANT,JH AY AH N T
SLAVE,S L EY V
SUBMIT,S AH B M IH T
MONITOR,M AA N AH T ER
WONDER,W AH N D ER
RESOLVE,R IY Z AA L V
PARTICIPATION,P AA R T IH S AH P EY SH AH N
STREAM,S T R IY M
RID,R IH D
ORIGIN,AO R AH JH AH N
TEEN,T IY N
CONGRESSIONAL,K AH N G R EH SH AH N AH L
BIND,B AY N D
COAT,K OW T
TOWER,T AW ER
LICENSE,L AY S AH N S
TWITTER,T W IH T ER
IMPOSE,IH M P OW Z
INNOCENT,IH N AH S AH N T
CURRICULUM,K ER IH K Y AH L AH M
MAIL,M EY L
INSIGHT,IH N S AY T
INVESTIGATOR,IH N V EH S T AH G EY T ER
VIRUS,V AY R AH S
ACCURATE,AE K Y ER AH T
PROVISION,P R AH V IH ZH AH N
STRIKE,S T R AY K
COMMUNICATE,K AH M Y UW N AH K EY T
CROSS,K R AO S
VARY,V EH R IY
INCREASING,IH N K R IY S IH NG
GREEN,G R IY N
EQUALLY,IY K W AH L IY
PAY,P EY
LIGHT,L AY T
IMPLICATION,IH M P L AH K EY SH AH N
FICTION,F IH K SH AH N
MAMA,M AA M AH
IMPLY,IH M P L AY
TWIN,T W IH N
PANT,P AE N T
ANOTHER,AH N AH DH ER
AHEAD,AH HH EH D
BEND,B EH N D
SHOCK,SH AA K
EXERCISE,EH K S ER S AY Z
CRITERIA,K R AY T IH R IY AH
DIRTY,D ER T IY
RING,R IH NG
TOY,T OY
POTENTIALLY,P AH T EH N SH AH L IY
ASSAULT,AH S AO L T
PEAK,P IY K
ANGER,AE NG G ER
BOOT,B UW T
DRAMATIC,D R AH M AE T IH K
PEER,P IH R
ENHANCE,EH N HH AE N S
MATH,M AE TH
SLIDE,S L AY D
FAVOR,F EY V ER
PINK,P IH NG K
DUST,D AH S T
LOST,L AO S T
PROSPECT,P R AA S P EH K T
MOOD,M UW D
SETTLEMENT,S EH T AH L M AH N T
JUSTIFY,JH AH S T AH F AY
DEPTH,D EH P TH
JUICE,JH UW S
FORMAL,F AO R M AH L
GALLERY,G AE L ER IY
TENSION,T EH N SH AH N
THROAT,TH R OW T
DRAFT,D R AE F T
REPUTATION,R EH P Y AH T EY SH AH N
INDEX,IH N D EH K S
MESS,M EH S
JOY,JH OY
STEEL,S T IY L
MOTOR,M OW T ER
SALARY,S AE L ER IY
MOREOVER,M AO R OW V ER
GIANT,JH AY AH N T
COUSIN,K AH Z AH N
ORDINARY,AO R D AH N EH R IY
DOZEN,D AH Z AH N
SO-CALLED,S OW K AO L D
HELPFUL,HH EH L P F AH L
LOVELY,L AH V L IY
FISHING,F IH SH IH NG
ANXIETY,AE NG Z AY AH T IY
PROFESSIONAL,P R AH F EH SH AH N AH L
CARBON,K AA R B AH N
ISLAMIC,IH Z L AA M IH K
HONOR,AA N ER
DRAMA,D R AA M AH
ODD,AA D
EVIL,IY V AH L
STRANGER,S T R EY N JH ER
BELT,B EH L T
URGE,ER JH
TOSS,T AO S
FORMULA,F AO R M Y AH L AH
POTATO,P AH T EY T OW
MONSTER,M AA N S T ER
SMOKE,S M OW K
TELEPHONE,T EH L AH F OW N
RAPE,R EY P
JET,JH EH T
NAVY,N EY V IY
PLOT,P L AA T
ANGLE,AE NG G AH L
CRITICIZE,K R IH T IH S AY Z
DISCIPLINE,D IH S AH P L AH N
NEGOTIATION,N IH G OW SH IY EY SH AH N
DAMN,D AE M
BUTTER,B AH T ER
COMPLICATED,K AA M P L AH K EY T AH D
PRIZE,P R AY Z
BLIND,B L AY N D
ASSIGN,AH S AY N
BULLET,B UH L AH T
AWARENESS,AH W EH R N AH S
SEQUENCE,S IY K W AH N S
ILLUSTRATE,IH L AH S T R EY T
PACK,P AE K
PROVIDER,P R AH V AY D ER
FUCKING,F AH K IH NG
MINOR,M AY N ER
ACTIVIST,AE K T IH V IH S T
POEM,P OW AH M
VACATION,V EY K EY SH AH N
WEIGH,W EY
GANG,G AE NG
PRIVACY,P R AY V AH S IY
CLOCK,K L AA K
ARRANGE,ER EY N JH
PENALTY,P EH N AH L T IY
STOMACH,S T AH M AH K
STATISTICS,S T AH T IH S T IH K S
ELECTRONIC,IH L EH K T R AA N IH K
PROPERLY,P R AA P ER L IY
BUREAU,B Y UH R OW
WOLF,W UH L F
CLASSIC,K L AE S IH K
RECOMMENDATION,R EH K AH M AH N D EY SH AH N
EXCITING,IH K S AY T IH NG
MAKER,M EY K ER
DEAR,D IH R
IMPRESSION,IH M P R EH SH AH N
BROKEN,B R OW K AH N
BATTERY,B AE T ER IY
ARISE,ER AY Z
KID,K IH D
SAKE,S EY K
DELIVERY,D IH L IH V ER IY
VISIBLE,V IH Z AH B AH L
HEAVILY,HH EH V AH L IY
JUNIOR,JH UW N Y ER
STRING,S T R IH NG
LAWSUIT,L AO S UW T
LATTER,L AE T ER
CUTE,K Y UW T
RESTORE,R IH S T AO R
BUDDY,B AH D IY
PSYCHOLOGICAL,S AY K AH L AA JH IH K AH L
INTENSE,IH N T EH N S
FRIENDLY,F R EH N D L IY
EVIL,IY V AH L
LANE,L EY N
HUNGRY,HH AH NG G R IY
BEAN,B IY N
SAUCE,S AO S
PRINT,P R IH N T
DOMINATE,D AA M AH N EY T
TESTING,T EH S T IH NG
TRICK,T R IH K
ABSENCE,AE B S AH N S
OFFENSIVE,AH F EH N S IH V
SYMBOL,S IH M B AH L
DETECT,D IH T EH K T
TABLESPOON,T EY B AH L S P UW N
HMM,HH AH M
ARREST,ER EH S T
APPROVAL,AH P R UW V AH L
AIDS,EY D Z
DEFENSIVE,D IH F EH N S IH V
INDEPENDENCE,IH N D IH P EH N D AH N S
APOLOGIZE,AH P AA L AH JH AY Z
ASIAN,EY ZH AH N
ROSE,R OW Z
GHOST,G OW S T
INVOLVEMENT,IH N V AA L V M AH N T
PERMANENT,P ER M AA N EH N T
MOUSE,M AW S
AIRLINE,EH R L AY N
FOUNDER,F AW N D ER
OBJECTIVE,AH B JH EH K T IH V
ALTERNATIVE,AO L T ER N AH T IH V
PHENOMENON,F AH N AA M AH N AA N
NOT,N AA T
EXACT,IH G Z AE K T
SILVER,S IH L V ER
CENT,S EH N T
UNIVERSAL,Y UW N AH V ER S AH L
TEENAGER,T IY N EY JH ER
CRUCIAL,K R UW SH AH L
VIEWER,V Y UW ER
RIDICULOUS,R IH D IH K Y AH L AH S
CHOCOLATE,CH AO K L AH T
BOTTOM,B AA T AH M
GRANDMOTHER,G R AE N D M AH DH ER
MISSILE,M IH S AH L
ROUGHLY,R AH F L IY
CONSTITUTIONAL,K AA N S T AH T UW SH AH N AH L
GENETIC,JH AH N EH T IH K
ADVANCE,AH D V AE N S
SWING,S W IH NG
ULTIMATE,AH L T AH M AH T
MANUFACTURER,M AE N Y AH F AE K CH ER ER
UNKNOWN,AH N N OW N
WIPE,W AY P
CROP,K R AA P
SURVIVAL,S ER V AY V AH L
LINE,L AY N
DIMENSION,D IH M EH N SH AH N
ROLL,R OW L
SHAPE,SH EY P
DARKNESS,D AA R K N AH S
GUARANTEE,G EH R AH N T IY
HISTORIC,HH IH S T AO R IH K
ROUGH,R AH F
PERSONNEL,P ER S AH N EH L
RACE,R EY S
CONFRONT,K AH N F R AH N T
TERRORIST,T EH R AH R IH S T
ROYAL,R OY AH L
OCCUPY,AA K Y AH P AY
EMPHASIS,EH M F AH S IH S
WET,W EH T
DESTRUCTION,D IH S T R AH K SH AH N
RAW,R AA
INNER,IH N ER
VIOLATE,V AY AH L EY T
CHART,CH AA R T
PACE,P EY S
CHAMPION,CH AE M P IY AH N
SNAP,S N AE P
INITIALLY,IH N IH SH AH L IY
ADVANCED,AH D V AE N S T
UNLIKELY,AH N L AY K L IY
LABEL,L EY B AH L
ACCESS,AE K S EH S
HORRIBLE,HH AO R AH B AH L
BURDEN,B ER D AH N
VIOLATION,V AY AH L EY SH AH N
UNLIKE,AH N L AY K
IDIOT,IH D IY AH T
LIFETIME,L AY F T AY M
WORKING,W ER K IH NG
FUND,F AH N D
REACT,R IY AE K T
ROUTINE,R UW T IY N
PRESENTATION,P R EH Z AH N T EY SH AH N
SUPPLY,S AH P L AY
GEAR,G IH R
PHOTOGRAPH,F OW T AH G R AE F
MEXICAN,M EH K S AH K AH N
STADIUM,S T EY D IY AH M
CLINIC,K L IH N IH K
SPIN,S P IH N
COALITION,K OW AH L IH SH AH N
HOPEFULLY,HH OW P F AH L IY
MIX,M IH K S
MENU,M EH N Y UW
SMOOTH,S M UW DH
ADVERTISING,AE D V ER T AY Z IH NG
INTERPRET,IH N T ER P R AH T
PLANT,P L AE N T
DISMISS,D IH S M IH S
APPARENT,AH P EH R AH N T
ARRANGEMENT,ER EY N JH M AH N T
INCORPORATE,IH N K AO R P ER EY T
SPLIT,S P L IH T
BRILLIANT,B R IH L Y AH N T
FRAMEWORK,F R EY M W ER K
CHASE,CH EY S
SIGH,S AY
ASSURE,AH SH UH R
UTILITY,Y UW T IH L AH T IY
TASTE,T EY S T
AGGRESSIVE,AH G R EH S IH V
COOKIE,K UH K IY
TERROR,T EH R ER
FREE,F R IY
WORTH,W ER TH
WEALTHY,W EH L TH IY
FORUM,F AO R AH M
ALLIANCE,AH L AY AH N S
POSSESS,P AH Z EH S
EMPIRE,EH M P AY ER
CURIOUS,K Y UH R IY AH S
CORN,K AO R N
CALCULATE,K AE L K Y AH L EY T
HURRY,HH ER IY
TESTIMONY,T EH S T IH M OW N IY
STAKE,S T EY K
BITE,B AY T
SUBSTANTIAL,S AH B S T AE N SH AH L
DEPENDING,D IH P EH N D IH NG
GLANCE,G L AE N S
CONCENTRATION,K AA N S AH N T R EY SH AH N
DEVELOPER,D IH V EH L AH P ER
FOUND,F AW N D
BALLOT,B AE L AH T
CONSUME,K AH N S UW M
OVERCOME,OW V ER K AH M
BIOLOGICAL,B AY AH L AA JH IH K AH L
CHAMBER,CH EY M B ER
SIMILARLY,S IH M AH L ER L IY
STICK,S T IH K
DARE,D EH R
DEVELOPING,D IH V EH L AH P IH NG
TIGER,T AY G ER
RATIO,R EY SH IY OW
LOVER,L AH V ER
OCCASIONALLY,AO K EY ZH AH N AH L IY
UNEMPLOYMENT,AH N IH M P L OY M AH N T
PET,P EH T
AWFUL,AO F AH L
LABORATORY,L AE B R AH T AO R IY
ADMINISTRATOR,AH D M IH N IH S T R EY T ER
QUARTERBACK,K W AO R T ER B AE K
ROCKET,R AA K AH T
PREPARATION,P R EH P ER EY SH AH N
RELATIVE,R EH L AH T IH V
CONFIDENT,K AA N F AH D AH N T
STRATEGIC,S T R AH T IY JH IH K
MARINE,M ER IY N
QUOTE,K W OW T
PUBLISHER,P AH B L IH SH ER
HIGHLIGHT,HH AY L AY T
NUT,N AH T
FIGHTER,F AY T ER
RANK,R AE NG K
ELECTRICITY,IH L EH K T R IH S AH T IY
INSTANCE,IH N S T AH N S
FREEZE,F R IY Z
VARIATION,V EH R IY EY SH AH N
ARMED,AA R M D
LAUGHTER,L AE F T ER
WISDOM,W IH Z D AH M
CORRESPONDENT,K AO R AH S P AA N D AH N T
MIXTURE,M IH K S CH ER
MURDER,M ER D ER
ASSISTANT,AH S IH S T AH N T
INDIAN,IH N D IY AH N
TESTIFY,T EH S T IH F AY
INGREDIENT,IH N G R IY D IY AH N T
SINCE,S IH N S
GALAXY,G AE L AH K S IY
QUALIFY,K W AA L AH F AY
SCHEME,S K IY M
SHAME,SH EY M
CONCENTRATE,K AA N S AH N T R EY T
CHEF,SH EH F
REGULARLY,R EH G Y AH L ER L IY
UGLY,AH G L IY
SCREW,S K R UW
LOAD,L OW D
TONGUE,T AH NG
PALESTINIAN,P AE L IH S T IH N IY AH N
FISCAL,F IH S K AH L
CREEK,K R IY K
HIP,HH IH P
ACCOMPANY,AH K AH M P AH N IY
DECLINE,D IH K L AY N
TERRORISM,T EH R AH R IH Z AH M
RESPONDENT,R IH S P AA N D AH N T
NARRATOR,N EH R EY T ER
VOTING,V OW T IH NG
REFUGEE,R EH F Y UW JH IY
ASSEMBLY,AH S EH M B L IY
FRAUD,F R AO D
LIMITATION,L IH M IH T EY SH AH N
HOUSE,HH AW S
PARTNERSHIP,P AA R T N ER SH IH P
STORE,S T AO R
CRASH,K R AE SH
REPRESENTATION,R EH P R AH Z EH N T EY SH AH N
HOLD,HH OW L D
FLAT,F L AE T
WISE,W AY Z
WITNESS,W IH T N AH S
REGISTER,R EH JH IH S T ER
COMEDY,K AA M AH D IY
PURCHASE,P ER CH AH S
TAP,T AE P
INFRASTRUCTURE,IH N F R AH S T R AH K CH ER
ORGANIC,AO R G AE N IH K
FAVOR,F EY V ER
TIGHT,T AY T
PORT,P AO R T
FATE,F EY T
ABSOLUTE,AE B S AH L UW T
DIALOGUE,D AY AH L AO G
PLUS,P L AH S
FREQUENCY,F R IY K W AH N S IY
TRIBE,T R AY B
EXTERNAL,IH K S T ER N AH L
APPOINTMENT,AH P OY N T M AH N T
MOBILE,M OW B AH L
ESTABLISHMENT,IH S T AE B L IH SH M AH N T
WORRIED,W ER IY D
BYE,B AY
SHOPPING,SH AA P IH NG
CELEBRITY,S AH L EH B R IH T IY
CONGRESSMAN,K AA NG G R AH S M AH N
TAXPAYER,T AE K S P EY ER
ADAPT,AH D AE P T
PUBLICLY,P AH B L IH K L IY
PRIDE,P R AY D
CLOTHING,K L OW DH IH NG
RAPIDLY,R AE P AH D L IY
DOMAIN,D OW M EY N
MAINLY,M EY N L IY
CEILING,S IY L IH NG
ALTER,AO L T ER
SHELTER,SH EH L T ER
RANDOM,R AE N D AH M
OBLIGATION,AA B L AH G EY SH AH N
SHOWER,SH AW ER
BEG,B EH G
ASLEEP,AH S L IY P
MUSICIAN,M Y UW Z IH SH AH N
DIRT,D ER T
PC,P IY S IY
BELL,B EH L
SMELL,S M EH L
CEREMONY,S EH R AH M OW N IY
CLUE,K L UW
GUIDELINE,G AY D L AY N
COMFORT,K AH M F ER T
NEAR,N IH R
PREGNANCY,P R EH G N AH N S IY
BORROW,B AA R OW
CONVENTIONAL,K AH N V EH N SH AH N AH L
CUSTOM,K AH S T AH M
CHEEK,CH IY K
TOURNAMENT,T UH R N AH M AH N T
DOUBLE,D AH B AH L
SATELLITE,S AE T AH L AY T
NEARBY,N IH R B AY
COMPREHENSIVE,K AA M P R IY HH EH N S IH V
STABLE,S T EY B AH L
MEDICATION,M EH D AH K EY SH AH N
SCRIPT,S K R IH P T
EFFICIENT,IH F IH SH AH N T
RISK,R IH S K
WELCOME,W EH L K AH M
SCARE,S K EH R
PSYCHOLOGY,S AY K AA L AH JH IY
LOGIC,L AA JH IH K
NEVERTHELESS,N EH V ER DH AH L EH S
DEVIL,D EH V AH L
THIRTY,TH ER D IY
BEAT,B IY T
CHARITY,CH EH R IH T IY
WAVE,W EY V
IDEAL,AY D IY L
FRIENDSHIP,F R EH N D SH IH P
NET,N EH T
MOTIVATION,M OW T AH V EY SH AH N
OBSERVER,AH B Z ER V ER
SURVIVOR,S ER V AY V ER
FENCE,F EH N S
QUIETLY,K W AY AH T L IY
HUMOR,HH Y UW M ER
MAJOR,M EY JH ER
FUNERAL,F Y UW N ER AH L
SPOKESMAN,S P OW K S M AH N
EXTENSION,IH K S T EH N SH AH N
LOOSE,L UW S
SINK,S IH NG K
HISTORIAN,HH IH S T AO R IY AH N
BALANCE,B AE L AH N S
CHEMICAL,K EH M IH K AH L
SINGER,S IH NG ER
DRUNK,D R AH NG K
SWIM,S W IH M
ONION,AH N Y AH N
SPECIALIST,S P EH SH AH L IH S T
MISSING,M IH S IH NG
PAN,P AE N
DISTRIBUTE,D IH S T R IH B Y UW T
SILLY,S IH L IY
DECK,D EH K
SHORTLY,SH AO R T L IY
FLOW,F L OW
PERMISSION,P ER M IH SH AH N
EVERYDAY,EH V R IY D EY
LIFESTYLE,L AY F S T AY L
SWEEP,S W IY P
NAKED,N EY K AH D
SUFFICIENT,S AH F IH SH AH N T
LION,L AY AH N
CAPABILITY,K EY P AH B IH L AH T IY
PRACTICE,P R AE K T IH S
EMISSION,IH M IH SH AH N
SIDEBAR,S AY D B AA R
CRAP,K R AE P
DEALER,D IY L ER
MEASUREMENT,M EH ZH ER M AH N T
VITAL,V AY T AH L
IMPRESSIVE,IH M P R EH S IH V
BAKE,B EY K
FANTASTIC,F AE N T AE S T IH K
ADVISER,AE D V AY Z ER
YIELD,Y IY L D
MERE,M IH R
IMAGINATION,IH M AE JH AH N EY SH AH N
RADICAL,R AE D IH K AH L
TRAGEDY,T R AE JH AH D IY
SCARY,S K EH R IY
CONSULTANT,K AH N S AH L T AH N T
CORRECT,K ER EH K T
LIEUTENANT,L UW T EH N AH N T
ATTRACTIVE,AH T R AE K T IH V
ACRE,EY K ER
DRAWING,D R AO IH NG
DEFEAT,D IH F IY T
NEWLY,N UW L IY
SCANDAL,S K AE N D AH L
AMBASSADOR,AE M B AE S AH D ER
OOH,UW
SPOT,S P AA T
ROUND,R AW N D
BENCH,B EH N CH
GUIDE,G AY D
COUNTER,K AW N T ER
CHEMICAL,K EH M IH K AH L
ODDS,AA D Z
RAT,R AE T
HORROR,HH AO R ER
APPEAL,AH P IY L
VULNERABLE,V AH L N ER AH B AH L
PREVENTION,P R IY V EH N SH AH N
SQUARE,S K W EH R
BAN,B AE N
TAIL,T EY L
CONSTITUTE,K AA N S T AH T UW T
BADLY,B AE D L IY
BLESS,B L EH S
LITERARY,L IH T ER EH R IY
MAGIC,M AE JH IH K
IMPLEMENTATION,IH M P L AH M EH N T EY SH AH N
LEGITIMATE,L AH JH IH T AH M AH T
SLIGHT,S L AY T
CRASH,K R AE SH
STRIP,S T R IH P
DISTANT,D IH S T AH N T
FEEDBACK,F IY D B AE K
CRIMINAL,K R IH M AH N AH L
ITALIAN,IH T AE L Y AH N
DETAILED,D IH T EY L D
BUYER,B AY ER
WRONG,R AO NG
PROFESSION,P R AH F EH SH AH N
INCREDIBLY,IH N K R EH D AH B L IY
KILLING,K IH L IH NG
SUE,S UW
PHOTOGRAPHER,F AH T AA G R AH F ER
RUNNING,R AH N IH NG
ENGAGEMENT,EH N G EY JH M AH N T
DIFFER,D IH F ER
PAINT,P EY N T
PITCH,P IH CH
EXTENSIVE,IH K S T EH N S IH V
SALAD,S AE L AH D
STAIR,S T EH R
GRACE,G R EY S
DIVORCE,D IH V AO R S
VESSEL,V EH S AH L
PIG,P IH G
ASSIGNMENT,AH S AY N M AH N T
DISTINCTION,D IH S T IH NG K SH AH N
FIT,F IH T
CIRCUIT,S ER K AH T
ACID,AE S AH D
CANADIAN,K AH N EY D IY AH N
FLEE,F L IY
EFFICIENCY,IH F IH SH AH N S IY
MEMORIAL,M AH M AO R IY AH L
PROPOSED,P R AH P OW Z D
BLUE,B L UW
PUNISHMENT,P AH N IH SH M AH N T
PAUSE,P AO Z
PILL,P IH L
RUB,R AH B
ROMANTIC,R OW M AE N T IH K
MYTH,M IH TH
LATIN,L AE T AH N
DECENT,D IY S AH N T
ASSISTANT,AH S IH S T AH N T
CRAFT,K R AE F T
POETRY,P OW AH T R IY
TERRORIST,T EH R AH R IH S T
THREAD,TH R EH D
WOODEN,W UH D AH N
CONFUSE,K AH N F Y UW Z
PRIVILEGE,P R IH V IH L IH JH
COAL,K OW L
FOOL,F UW L
COW,K AW
CHARACTERIZE,K EH R IH K T ER AY Z
PIE,P AY
LEGACY,L EH G AH S IY
STRESS,S T R EH S
FRANKLY,F R AE NG K L IY
MATTER,M AE T ER
CANCEL,K AE N S AH L
DERIVE,D ER AY V
DUMB,D AH M
SCOPE,S K OW P
FORMATION,F AO R M EY SH AH N
HENCE,HH EH N S
WISH,W IH SH
MARGIN,M AA R JH AH N
EXHIBITION,EH K S AH B IH SH AH N
LEGISLATURE,L EH JH AH S L EY CH ER
FURTHERMORE,F ER DH ER M AO R
PORTRAIT,P AO R T R AH T
CATHOLIC,K AE TH L IH K
SUSTAIN,S AH S T EY N
UNIFORM,Y UW N AH F AO R M
PAINFUL,P EY N F AH L
LOUD,L AW D
MIRACLE,M IH R AH K AH L
HARM,HH AA R M
ZERO,Z IY R OW
TACTIC,T AE K T IH K
MASK,M AE S K
INFLATION,IH N F L EY SH AH N
HUNTING,HH AH N T IH NG
FINAL,F AY N AH L
FLESH,F L EH SH
TEMPORARY,T EH M P ER EH R IY
FELLOW,F EH L OW
NERVE,N ER V
LUNG,L AH NG
STEADY,S T EH D IY
HEADLINE,HH EH D L AY N
SUDDEN,S AH D AH N
SUCCESSFULLY,S AH K S EH S F AH L IY
DEFENDANT,D IH F EH N D AH N T
POLE,P OW L
ENTRANCE,EH N T R AH N S
AIRCRAFT,EH R K R AE F T
RELATIVE,R EH L AH T IH V
REPEATEDLY,R IH P IY T IH D L IY
HAPPINESS,HH AE P IY N AH S
CORRELATION,K AO R AH L EY SH AH N
PROPORTION,P R AH P AO R SH AH N
DISPUTE,D IH S P Y UW T
CANDY,K AE N D IY
COUNSELOR,K AW N S AH L ER
PILE,P AY L
EXPLOSION,IH K S P L OW ZH AH N
APPOINT,AH P OY N T
COUCH,K AW CH
COGNITIVE,K AA G N IH T IH V
FURNITURE,F ER N IH CH ER
GRATEFUL,G R EY T F AH L
MAGIC,M AE JH IH K
SUIT,S UW T
COMMISSIONER,K AH M IH SH AH N ER
SHELF,SH EH L F
PHYSICS,F IH Z IH K S
GARAGE,G ER AA ZH
FLAVOR,F L EY V ER
SQUEEZE,S K W IY Z
PROMINENT,P R AA M AH N AH N T
FIFTY,F IH F T IY
FADE,F EY D
OVEN,AH V AH N
DISCRIMINATION,D IH S K R IH M AH N EY SH AH N
ALLEGATION,AE L AH G EY SH AH N
BOOM,B UW M
WEEKLY,W IY K L IY
LATELY,L EY T L IY
RESTRICTION,R IY S T R IH K SH AH N
DIAMOND,D AY M AH N D
CRACK,K R AE K
CONVICTION,K AH N V IH K SH AH N
HEEL,HH IY L
FAKE,F EY K
FAME,F EY M
SHINE,SH AY N
SWING,S W IH NG
PLAYOFF,P L EY AO F
ACTRESS,AE K T R AH S
CHEAT,CH IY T
FORMAT,F AO R M AE T
CONTROVERSY,K AA N T R AH V ER S IY
AUTO,AO T OW
GRANT,G R AE N T
RIP,R IH P
RANK,R AE NG K
SHADE,SH EY D
REGULATE,R EH G Y AH L EY T
METER,M IY T ER
OLYMPIC,OW L IH M P IH K
PIPE,P AY P
PATIENT,P EY SH AH N T
CELEBRATION,S EH L AH B R EY SH AH N
HANDFUL,HH AE N D F UH L
COPYRIGHT,K AA P IY R AY T
DEPENDENT,D IH P EH N D AH N T
SIGNATURE,S IH G N AH CH ER
BISHOP,B IH SH AH P
STRENGTHEN,S T R EH NG TH AH N
SOUP,S UW P
WHOEVER,HH UW EH V ER
ANNIVERSARY,AE N AH V ER S ER IY
PIZZA,P IY T S AH
ETHICS,EH TH IH K S
LEGEND,L EH JH AH N D
EAGLE,IY G AH L
SCHOLARSHIP,S K AA L ER SH IH P
CRACK,K R AE K
MEMBERSHIP,M EH M B ER SH IH P
STANDING,S T AE N D IH NG
POSSESSION,P AH Z EH SH AH N
TREATY,T R IY T IY
PARTLY,P AA R T L IY
CONSCIOUSNESS,K AA N SH AH S N AH S
MANUFACTURING,M AE N Y AH F AE K CH ER IH NG
ANNOUNCEMENT,AH N AW N S M EH N T
TIRE,T AY ER
NO,N OW
MAKEUP,M EY K AH P
POP,P AA P
PREDICTION,P R IY D IH K SH AH N
STABILITY,S T AH B IH L IH T IY
TRACE,T R EY S
NORM,N AO R M
IRISH,AY R IH SH
GENIUS,JH IY N Y AH S
GENTLY,JH EH N T L IY
OPERATOR,AA P ER EY T ER
MALL,M AO L
RUMOR,R UW M ER
POET,P OW AH T
TENDENCY,T EH N D AH N S IY
SUBSEQUENT,S AH B S AH K W AH N T
ALIEN,EY L IY AH N
EXPLODE,IH K S P L OW D
COOL,K UW L
CONTROVERSIAL,K AA N T R AH V ER SH AH L
COURAGE,K ER IH JH
EXCEED,IH K S IY D
TIGHT,T AY T
PRINCIPAL,P R IH N S AH P AH L
VACCINE,V AE K S IY N
IDENTIFICATION,AY D EH N T AH F AH K EY SH AH N
BULL,B UH L
LENS,L EH N Z
TWELVE,T W EH L V
MAINSTREAM,M EY N S T R IY M
PRESIDENCY,P R EH Z IH D AH N S IY
INTEGRITY,IH N T EH G R AH T IY
DISTINCT,D IH S T IH NG K T
INTELLIGENT,IH N T EH L AH JH AH N T
SECONDARY,S EH K AH N D EH R IY
BIAS,B AY AH S
HYPOTHESIS,HH AY P AA TH AH S AH S
NOMINATION,N AA M AH N EY SH AH N
DELAY,D IH L EY
ADJUSTMENT,AH JH AH S T M AH N T
SANCTION,S AE NG K SH AH N
RENDER,R EH N D ER
SHOP,SH AA P
MUTUAL,M Y UW CH UW AH L
HIGH,HH AY
EXAMINATION,IH G Z AE M AH N EY SH AH N
MEANINGFUL,M IY N IH NG F AH L
COMMUNIST,K AA M Y AH N AH S T
SUPERIOR,S UW P IH R IY ER
CURRENCY,K ER AH N S IY
COLLECTIVE,K AH L EH K T IH V
TIP,T IH P
FLAME,F L EY M
GUITAR,G IH T AA R
PALESTINIAN,P AE L IH S T IH N IY AH N
FLOAT,F L OW T
COMMERCE,K AA M ER S
INVENT,IH N V EH N T
PLAIN,P L EY N
RESPECTIVELY,R IH S P EH K T IH V L IY
ACROSS,AH K R AO S
GLOVE,G L AH V
TILL,T IH L
EDIT,EH D AH T
JAZZ,JH AE Z
INFANT,IH N F AH N T
SUMMARY,S AH M ER IY
SERVER,S ER V ER
LEATHER,L EH DH ER
RADIATION,R EY D IY EY SH AH N
PROMPT,P R AA M P T
FUNCTION,F AH NG K SH AH N
COMPOSITION,K AA M P AH Z IH SH AH N
ASSERT,AH S ER T
CASE,K EY S
DISCOURSE,D IH S K AO R S
LOUD,L AW D
DUMP,D AH M P
NET,N EH T
WILDLIFE,W AY L D L AY F
SOCCER,S AA K ER
MANDATE,M AE N D EY T
MONITOR,M AA N AH T ER
DOWNTOWN,D AW N T AW N
NIGHTMARE,N AY T M EH R
HOMELESS,HH OW M L AH S
GLOBE,G L OW B
UNCOMFORTABLE,AH N K AH M F ER T AH B AH L
EXECUTE,EH K S AH K Y UW T
FEEL,F IY L
TRAP,T R AE P
GESTURE,JH EH S CH ER
PALE,P EY L
TENT,T EH N T
HORIZON,HH ER AY Z AH N
DIAGNOSIS,D AY AH G N OW S AH S
CONSIDERABLE,K AH N S IH D ER AH B AH L
FIGHTING,F AY T IH NG
STROKE,S T R OW K
WANDER,W AA N D ER
DUCK,D AH K
GRAIN,G R EY N
BEAST,B IY S T
CONCERN,K AH N S ER N
FABRIC,F AE B R IH K
CIVILIZATION,S IH V AH L IH Z EY SH AH N
WARM,W AO R M
CORRUPTION,K ER AH P SH AH N
COLLAPSE,K AH L AE P S
MA'AM,M AE M
GREATLY,G R EY T L IY
WORKSHOP,W ER K SH AA P
CD,S IY D IY
ADMIRE,AE D M AY R
EXCLUDE,IH K S K L UW D
RIFLE,R AY F AH L
CLOSET,K L AA Z AH T
CURVE,K ER V
PATCH,P AE CH
TOUCHDOWN,T AH CH D AW N
EXPERIMENTAL,IH K S P EH R IH M EH N T AH L
EARNINGS,ER N IH NG Z
HUNTER,HH AH N T ER
FLY,F L AY
TUNNEL,T AH N AH L
BEHAVE,B IH HH EY V
RENT,R EH N T
GERMAN,JH ER M AH N
MOTIVATE,M OW T AH V EY T
ATTRIBUTE,AH T R IH B Y UW T
ELDERLY,EH L D ER L IY
VIRTUAL,V ER CH UW AH L
MINIMUM,M IH N AH M AH M
WEAKNESS,W IY K N AH S
PROGRESSIVE,P R AH G R EH S IH V
DOC,D AA K
MEDIUM,M IY D IY AH M
VIRTUE,V ER CH UW
OUNCE,AW N S
COLLAPSE,K AH L AE P S
DELAY,D IH L EY
ATHLETIC,AE TH L EH T IH K
CONFUSION,K AH N F Y UW ZH AH N
LEGISLATIVE,L EH JH AH S L EY T IH V
FACILITATE,F AH S IH L AH T EY T
MIDNIGHT,M IH D N AY T
DEER,D IH R
WAY,W EY
UNDERGO,AH N D ER G OW
SWORD,S AO R D
TELESCOPE,T EH L AH S K OW P
DONATE,D OW N EY T
BLADE,B L EY D
TOE,T OW
AGRICULTURE,AE G R IH K AH L CH ER
PARK,P AA R K
ENFORCE,EH N F AO R S
FAVOR,F EY V ER
DOSE,D OW S
CONCERNING,K AH N S ER N IH NG
RATE,R EY T
PITCH,P IH CH
PRESCRIPTION,P R AH S K R IH P SH AH N
RETAIL,R IY T EY L
ADOPTION,AH D AA P SH AH N
MONTHLY,M AH N TH L IY
DEADLY,D EH D L IY
GRAVE,G R EY V
ROPE,R OW P
LABEL,L EY B AH L
TRANSACTION,T R AE N Z AE K SH AH N
LAWN,L AO N
CONSISTENTLY,K AH N S IH S T AH N T L IY
MOUNT,M AW N T
BUBBLE,B AH B AH L
BRIEFLY,B R IY F L IY
ABSORB,AH B Z AO R B
PRINCESS,P R IH N S EH S
LOG,L AO G
LAUGH,L AE F
